-- phpMyAdmin SQL Dump
-- version 5.2.1
-- https://www.phpmyadmin.net/
--
-- Hôte : 127.0.0.1
-- Généré le : mer. 01 mai 2024 à 19:27
-- Version du serveur : 10.4.32-MariaDB
-- Version de PHP : 8.2.12

SET SQL_MODE = "NO_AUTO_VALUE_ON_ZERO";
START TRANSACTION;
SET time_zone = "+00:00";


/*!40101 SET @OLD_CHARACTER_SET_CLIENT=@@CHARACTER_SET_CLIENT */;
/*!40101 SET @OLD_CHARACTER_SET_RESULTS=@@CHARACTER_SET_RESULTS */;
/*!40101 SET @OLD_COLLATION_CONNECTION=@@COLLATION_CONNECTION */;
/*!40101 SET NAMES utf8mb4 */;

--
-- Base de données : `lexloxbv_db`
--

-- --------------------------------------------------------

--
-- Structure de la table `doctrine_migration_versions`
--

CREATE TABLE `doctrine_migration_versions` (
  `version` varchar(191) NOT NULL,
  `executed_at` datetime DEFAULT NULL,
  `execution_time` int(11) DEFAULT NULL
) ENGINE=InnoDB DEFAULT CHARSET=utf8 COLLATE=utf8_unicode_ci;

--
-- Déchargement des données de la table `doctrine_migration_versions`
--

INSERT INTO `doctrine_migration_versions` (`version`, `executed_at`, `execution_time`) VALUES
('DoctrineMigrations\\Version20240429195243', '2024-04-29 21:53:24', 657),
('DoctrineMigrations\\Version20240430080723', '2024-04-30 10:07:47', 120),
('DoctrineMigrations\\Version20240430102257', '2024-04-30 12:23:04', 90);

-- --------------------------------------------------------

--
-- Structure de la table `messenger_messages`
--

CREATE TABLE `messenger_messages` (
  `id` bigint(20) NOT NULL,
  `body` longtext NOT NULL,
  `headers` longtext NOT NULL,
  `queue_name` varchar(190) NOT NULL,
  `created_at` datetime NOT NULL,
  `available_at` datetime NOT NULL,
  `delivered_at` datetime DEFAULT NULL
) ENGINE=InnoDB DEFAULT CHARSET=utf8mb4 COLLATE=utf8mb4_unicode_ci;

-- --------------------------------------------------------

--
-- Structure de la table `post_translation`
--

CREATE TABLE `post_translation` (
  `id` int(11) NOT NULL,
  `posts_id` int(11) NOT NULL,
  `title` varchar(255) NOT NULL,
  `slug` varchar(255) NOT NULL,
  `summary` varchar(255) NOT NULL,
  `content` longtext NOT NULL,
  `published_at` datetime NOT NULL COMMENT '(DC2Type:datetime_immutable)',
  `language` varchar(255) NOT NULL
) ENGINE=InnoDB DEFAULT CHARSET=utf8mb4 COLLATE=utf8mb4_unicode_ci;

--
-- Déchargement des données de la table `post_translation`
--

INSERT INTO `post_translation` (`id`, `posts_id`, `title`, `slug`, `summary`, `content`, `published_at`, `language`) VALUES
(8, 3, 'Mauris dapibus risus quis suscipit vulputate fr', 'mauris-dapibus-risus-quis-suscipit-vulputate-fr', 'Teres talis saepe tractare de camerarius flavum sensorem. Mauris dapibus risus quis suscipit vulputate. Sunt accentores vitare salvus flavum parses. Ut suscipit posuere justo at vulputate. Silva de secundus galatae demitto quadra.', 'Lorem ipsum dolor sit amet consectetur adipisicing elit, sed do eiusmod tempor\nincididunt ut labore et **dolore magna aliqua**: Duis aute irure dolor in\nreprehenderit in voluptate velit esse cillum dolore eu fugiat nulla pariatur.\nExcepteur sint occaecat cupidatat non proident, sunt in culpa qui officia\ndeserunt mollit anim id est laborum.\n\n  * Ut enim ad minim veniam\n  * Quis nostrud exercitation *ullamco laboris*\n  * Nisi ut aliquip ex ea commodo consequat\n\nPraesent id fermentum lorem. Ut est lorem, fringilla at accumsan nec, euismod at\nnunc. Aenean mattis sollicitudin mattis. Nullam pulvinar vestibulum bibendum.\nClass aptent taciti sociosqu ad litora torquent per conubia nostra, per inceptos\nhimenaeos. Fusce nulla purus, gravida ac interdum ut, blandit eget ex. Duis a\nluctus dolor.\n\nInteger auctor massa maximus nulla scelerisque accumsan. *Aliquam ac malesuada*\nex. Pellentesque tortor magna, vulputate eu vulputate ut, venenatis ac lectus.\nPraesent ut lacinia sem. Mauris a lectus eget felis mollis feugiat. Quisque\nefficitur, mi ut semper pulvinar, urna urna blandit massa, eget tincidunt augue\nnulla vitae est.\n\nUt posuere aliquet tincidunt. Aliquam erat volutpat. **Class aptent taciti**\nsociosqu ad litora torquent per conubia nostra, per inceptos himenaeos. Morbi\narcu orci, gravida eget aliquam eu, suscipit et ante. Morbi vulputate metus vel\nipsum finibus, ut dapibus massa feugiat. Vestibulum vel lobortis libero. Sed\ntincidunt tellus et viverra scelerisque. Pellentesque tincidunt cursus felis.\nSed in egestas erat.\n\nAliquam pulvinar interdum massa, vel ullamcorper ante consectetur eu. Vestibulum\nlacinia ac enim vel placerat. Integer pulvinar magna nec dui malesuada, nec\ncongue nisl dictum. Donec mollis nisl tortor, at congue erat consequat a. Nam\ntempus elit porta, blandit elit vel, viverra lorem. Sed sit amet tellus\ntincidunt, faucibus nisl in, aliquet libero.', '2024-05-01 18:00:08', 'fr');

-- --------------------------------------------------------

--
-- Structure de la table `shop`
--

CREATE TABLE `shop` (
  `shop_id` varchar(255) NOT NULL,
  `shop_url` varchar(255) NOT NULL,
  `shop_secret` varchar(255) NOT NULL,
  `shop_client_id` varchar(255) DEFAULT NULL,
  `shop_client_secret` varchar(255) DEFAULT NULL,
  `shop_active` tinyint(1) NOT NULL
) ENGINE=InnoDB DEFAULT CHARSET=utf8mb4 COLLATE=utf8mb4_unicode_ci;

-- --------------------------------------------------------

--
-- Structure de la table `symfony_demo_comment`
--

CREATE TABLE `symfony_demo_comment` (
  `id` int(11) NOT NULL,
  `post_id` int(11) NOT NULL,
  `author_id` int(11) NOT NULL,
  `content` longtext NOT NULL,
  `published_at` datetime NOT NULL
) ENGINE=InnoDB DEFAULT CHARSET=utf8mb4 COLLATE=utf8mb4_unicode_ci;

--
-- Déchargement des données de la table `symfony_demo_comment`
--

INSERT INTO `symfony_demo_comment` (`id`, `post_id`, `author_id`, `content`, `published_at`) VALUES
(11, 3, 3, 'Morbi tempus commodo mattis. Teres talis saepe tractare de camerarius flavum sensorem. Ubi est barbatus nix. Vae humani generis. Pellentesque et sapien pulvinar consectetur. Urna nisl sollicitudin id varius orci quam id turpis. Diatrias tolerare tanquam noster caesium. Ubi est audax amicitia. Ut eleifend mauris et risus ultrices egestas. Mauris dapibus risus quis suscipit vulputate. Eposs sunt solems de superbus fortis. Potus sensim ad ferox abnoba. Era brevis ratione est.', '2024-04-29 21:54:25'),
(12, 3, 3, 'Ut suscipit posuere justo at vulputate. Aliquam sodales odio id eleifend tristique. Sunt torquises imitari velox mirabilis medicinaes. Abnobas sunt hilotaes de placidus vita. Silva de secundus galatae demitto quadra. In hac habitasse platea dictumst. Bassus fatalis classiss virtualiter transferre de flavum. Pellentesque vitae velit ex. Curabitur aliquam euismod dolor non ornare. Morbi tempus commodo mattis. Eposs sunt solems de superbus fortis.', '2024-04-29 21:54:26'),
(13, 3, 3, 'Sunt accentores vitare salvus flavum parses. Era brevis ratione est. Nunc viverra elit ac laoreet suscipit. Mauris dapibus risus quis suscipit vulputate. Ubi est barbatus nix. Vae humani generis. Potus sensim ad ferox abnoba. In hac habitasse platea dictumst. Morbi tempus commodo mattis. Nulla porta lobortis ligula vel egestas.', '2024-04-29 21:54:27'),
(14, 3, 3, 'In hac habitasse platea dictumst. Mineralis persuadere omnes finises desiderium. Diatrias tolerare tanquam noster caesium. Pellentesque vitae velit ex. Sunt accentores vitare salvus flavum parses. Ut eleifend mauris et risus ultrices egestas. Vae humani generis.', '2024-04-29 21:54:28'),
(15, 3, 3, 'Silva de secundus galatae demitto quadra. Diatrias tolerare tanquam noster caesium. Mauris dapibus risus quis suscipit vulputate. Nunc viverra elit ac laoreet suscipit. Bassus fatalis classiss virtualiter transferre de flavum. Abnobas sunt hilotaes de placidus vita.', '2024-04-29 21:54:29'),
(16, 4, 3, 'Mineralis persuadere omnes finises desiderium. Ubi est audax amicitia. Ut suscipit posuere justo at vulputate. Teres talis saepe tractare de camerarius flavum sensorem. Sunt accentores vitare salvus flavum parses. Ut eleifend mauris et risus ultrices egestas.', '2024-04-29 21:54:25'),
(17, 4, 3, 'Aliquam sodales odio id eleifend tristique. Urna nisl sollicitudin id varius orci quam id turpis. Era brevis ratione est. Teres talis saepe tractare de camerarius flavum sensorem. Ubi est audax amicitia. Bassus fatalis classiss virtualiter transferre de flavum. Silva de secundus galatae demitto quadra. Sunt seculaes transferre talis camerarius fluctuies. Sunt torquises imitari velox mirabilis medicinaes.', '2024-04-29 21:54:26'),
(18, 4, 3, 'Pellentesque vitae velit ex. Vae humani generis. Curabitur aliquam euismod dolor non ornare. Nulla porta lobortis ligula vel egestas. Nunc viverra elit ac laoreet suscipit. Diatrias tolerare tanquam noster caesium. Sunt torquises imitari velox mirabilis medicinaes. Lorem ipsum dolor sit amet consectetur adipiscing elit.', '2024-04-29 21:54:27'),
(19, 4, 3, 'Eros diam egestas libero eu vulputate risus. Aliquam sodales odio id eleifend tristique. Sed varius a risus eget aliquam. Silva de secundus galatae demitto quadra. Lorem ipsum dolor sit amet consectetur adipiscing elit. Urna nisl sollicitudin id varius orci quam id turpis. Mineralis persuadere omnes finises desiderium. Ubi est barbatus nix. Morbi tempus commodo mattis. Vae humani generis. Nunc viverra elit ac laoreet suscipit. Eposs sunt solems de superbus fortis.', '2024-04-29 21:54:28'),
(20, 4, 3, 'Era brevis ratione est. Teres talis saepe tractare de camerarius flavum sensorem. Curabitur aliquam euismod dolor non ornare. Pellentesque et sapien pulvinar consectetur. Aliquam sodales odio id eleifend tristique. Sed varius a risus eget aliquam. Eros diam egestas libero eu vulputate risus. Silva de secundus galatae demitto quadra. Morbi tempus commodo mattis. Ubi est audax amicitia. Lorem ipsum dolor sit amet consectetur adipiscing elit.', '2024-04-29 21:54:29'),
(21, 5, 3, 'In hac habitasse platea dictumst. Ubi est audax amicitia. Sed varius a risus eget aliquam. Potus sensim ad ferox abnoba. Nunc viverra elit ac laoreet suscipit. Ut eleifend mauris et risus ultrices egestas. Ut suscipit posuere justo at vulputate. Urna nisl sollicitudin id varius orci quam id turpis. Teres talis saepe tractare de camerarius flavum sensorem. Eros diam egestas libero eu vulputate risus. Eposs sunt solems de superbus fortis.', '2024-04-29 21:54:25'),
(22, 5, 3, 'Mauris dapibus risus quis suscipit vulputate. Pellentesque vitae velit ex. Silva de secundus galatae demitto quadra. Ubi est audax amicitia. Nulla porta lobortis ligula vel egestas. Curabitur aliquam euismod dolor non ornare. Potus sensim ad ferox abnoba. Abnobas sunt hilotaes de placidus vita. Sunt torquises imitari velox mirabilis medicinaes. Eposs sunt solems de superbus fortis.', '2024-04-29 21:54:26'),
(23, 5, 3, 'Ubi est audax amicitia. Curabitur aliquam euismod dolor non ornare. Ubi est barbatus nix. Diatrias tolerare tanquam noster caesium. Lorem ipsum dolor sit amet consectetur adipiscing elit. Nunc viverra elit ac laoreet suscipit. Aliquam sodales odio id eleifend tristique.', '2024-04-29 21:54:27'),
(24, 5, 3, 'Sunt accentores vitare salvus flavum parses. Potus sensim ad ferox abnoba. Eposs sunt solems de superbus fortis. Urna nisl sollicitudin id varius orci quam id turpis. Curabitur aliquam euismod dolor non ornare. Sed varius a risus eget aliquam. Aliquam sodales odio id eleifend tristique. Ubi est barbatus nix. In hac habitasse platea dictumst. Era brevis ratione est.', '2024-04-29 21:54:28'),
(25, 5, 3, 'Ut suscipit posuere justo at vulputate. Ut eleifend mauris et risus ultrices egestas. Morbi tempus commodo mattis. Diatrias tolerare tanquam noster caesium. Nunc viverra elit ac laoreet suscipit. Aliquam sodales odio id eleifend tristique.', '2024-04-29 21:54:29'),
(26, 6, 3, 'Eposs sunt solems de superbus fortis. Urna nisl sollicitudin id varius orci quam id turpis. Vae humani generis. Mauris dapibus risus quis suscipit vulputate. Ut suscipit posuere justo at vulputate. Era brevis ratione est. Pellentesque et sapien pulvinar consectetur. Sed varius a risus eget aliquam. Ubi est audax amicitia.', '2024-04-29 21:54:25'),
(27, 6, 3, 'Ut eleifend mauris et risus ultrices egestas. Aliquam sodales odio id eleifend tristique. Ut suscipit posuere justo at vulputate. Urna nisl sollicitudin id varius orci quam id turpis. Morbi tempus commodo mattis. Ubi est barbatus nix.', '2024-04-29 21:54:26'),
(28, 6, 3, 'Era brevis ratione est. Aliquam sodales odio id eleifend tristique. Eros diam egestas libero eu vulputate risus. Sunt accentores vitare salvus flavum parses. In hac habitasse platea dictumst. Silva de secundus galatae demitto quadra. Teres talis saepe tractare de camerarius flavum sensorem.', '2024-04-29 21:54:27'),
(29, 6, 3, 'Ubi est barbatus nix. Pellentesque vitae velit ex. Diatrias tolerare tanquam noster caesium. Pellentesque et sapien pulvinar consectetur. Ut suscipit posuere justo at vulputate. Era brevis ratione est. Vae humani generis. Mauris dapibus risus quis suscipit vulputate. Potus sensim ad ferox abnoba. Aliquam sodales odio id eleifend tristique. Bassus fatalis classiss virtualiter transferre de flavum. In hac habitasse platea dictumst. Sunt torquises imitari velox mirabilis medicinaes.', '2024-04-29 21:54:28'),
(30, 6, 3, 'Mauris dapibus risus quis suscipit vulputate. Pellentesque et sapien pulvinar consectetur. Vae humani generis. Bassus fatalis classiss virtualiter transferre de flavum. Mineralis persuadere omnes finises desiderium. Lorem ipsum dolor sit amet consectetur adipiscing elit. Curabitur aliquam euismod dolor non ornare. Teres talis saepe tractare de camerarius flavum sensorem.', '2024-04-29 21:54:29'),
(31, 7, 3, 'Mineralis persuadere omnes finises desiderium. Pellentesque vitae velit ex. Ubi est audax amicitia. Eros diam egestas libero eu vulputate risus. Sunt seculaes transferre talis camerarius fluctuies. Eposs sunt solems de superbus fortis. Curabitur aliquam euismod dolor non ornare. Era brevis ratione est. Morbi tempus commodo mattis. In hac habitasse platea dictumst. Bassus fatalis classiss virtualiter transferre de flavum. Lorem ipsum dolor sit amet consectetur adipiscing elit.', '2024-04-29 21:54:25'),
(32, 7, 3, 'Diatrias tolerare tanquam noster caesium. Urna nisl sollicitudin id varius orci quam id turpis. Bassus fatalis classiss virtualiter transferre de flavum. Mauris dapibus risus quis suscipit vulputate. Ubi est audax amicitia. Ubi est barbatus nix. Vae humani generis. Ut eleifend mauris et risus ultrices egestas. Lorem ipsum dolor sit amet consectetur adipiscing elit. Pellentesque vitae velit ex. Sunt seculaes transferre talis camerarius fluctuies.', '2024-04-29 21:54:26'),
(33, 7, 3, 'Sunt accentores vitare salvus flavum parses. Eposs sunt solems de superbus fortis. Abnobas sunt hilotaes de placidus vita. Aliquam sodales odio id eleifend tristique. Ut suscipit posuere justo at vulputate. Ubi est audax amicitia.', '2024-04-29 21:54:27'),
(34, 7, 3, 'Diatrias tolerare tanquam noster caesium. Ubi est barbatus nix. Sed varius a risus eget aliquam. Abnobas sunt hilotaes de placidus vita. Eposs sunt solems de superbus fortis. Bassus fatalis classiss virtualiter transferre de flavum. Pellentesque et sapien pulvinar consectetur. Potus sensim ad ferox abnoba. Ut suscipit posuere justo at vulputate. Vae humani generis. Ut eleifend mauris et risus ultrices egestas. Mineralis persuadere omnes finises desiderium.', '2024-04-29 21:54:28'),
(35, 7, 3, 'Bassus fatalis classiss virtualiter transferre de flavum. Ubi est barbatus nix. Lorem ipsum dolor sit amet consectetur adipiscing elit. Nulla porta lobortis ligula vel egestas. Mauris dapibus risus quis suscipit vulputate. Abnobas sunt hilotaes de placidus vita. Sed varius a risus eget aliquam. Eposs sunt solems de superbus fortis.', '2024-04-29 21:54:29'),
(36, 8, 3, 'Pellentesque et sapien pulvinar consectetur. Teres talis saepe tractare de camerarius flavum sensorem. Ubi est audax amicitia. Mineralis persuadere omnes finises desiderium. Abnobas sunt hilotaes de placidus vita. Curabitur aliquam euismod dolor non ornare. Nunc viverra elit ac laoreet suscipit.', '2024-04-29 21:54:25'),
(37, 8, 3, 'Lorem ipsum dolor sit amet consectetur adipiscing elit. Teres talis saepe tractare de camerarius flavum sensorem. Morbi tempus commodo mattis. Sunt torquises imitari velox mirabilis medicinaes. Mauris dapibus risus quis suscipit vulputate. Sed varius a risus eget aliquam. Sunt seculaes transferre talis camerarius fluctuies. Abnobas sunt hilotaes de placidus vita. Sunt accentores vitare salvus flavum parses.', '2024-04-29 21:54:26'),
(38, 8, 3, 'Ut eleifend mauris et risus ultrices egestas. Aliquam sodales odio id eleifend tristique. Eros diam egestas libero eu vulputate risus. Vae humani generis. Curabitur aliquam euismod dolor non ornare. Sunt accentores vitare salvus flavum parses. Pellentesque vitae velit ex. Ubi est audax amicitia. Diatrias tolerare tanquam noster caesium. In hac habitasse platea dictumst. Mineralis persuadere omnes finises desiderium. Sed varius a risus eget aliquam.', '2024-04-29 21:54:27'),
(39, 8, 3, 'Sunt torquises imitari velox mirabilis medicinaes. Curabitur aliquam euismod dolor non ornare. Potus sensim ad ferox abnoba. Sed varius a risus eget aliquam. Ut eleifend mauris et risus ultrices egestas. Eros diam egestas libero eu vulputate risus. Pellentesque et sapien pulvinar consectetur. Silva de secundus galatae demitto quadra. Bassus fatalis classiss virtualiter transferre de flavum. Mauris dapibus risus quis suscipit vulputate.', '2024-04-29 21:54:28'),
(40, 8, 3, 'In hac habitasse platea dictumst. Sunt seculaes transferre talis camerarius fluctuies. Pellentesque et sapien pulvinar consectetur. Teres talis saepe tractare de camerarius flavum sensorem. Eposs sunt solems de superbus fortis. Mineralis persuadere omnes finises desiderium. Ut eleifend mauris et risus ultrices egestas. Sunt torquises imitari velox mirabilis medicinaes. Nunc viverra elit ac laoreet suscipit.', '2024-04-29 21:54:29'),
(41, 9, 3, 'Aliquam sodales odio id eleifend tristique. Ut eleifend mauris et risus ultrices egestas. Era brevis ratione est. Pellentesque vitae velit ex. Sunt torquises imitari velox mirabilis medicinaes. Teres talis saepe tractare de camerarius flavum sensorem.', '2024-04-29 21:54:25'),
(42, 9, 3, 'Eros diam egestas libero eu vulputate risus. Nunc viverra elit ac laoreet suscipit. Diatrias tolerare tanquam noster caesium. Ubi est audax amicitia. Pellentesque vitae velit ex. Ut eleifend mauris et risus ultrices egestas. Abnobas sunt hilotaes de placidus vita. Mineralis persuadere omnes finises desiderium. Sunt accentores vitare salvus flavum parses. Eposs sunt solems de superbus fortis. In hac habitasse platea dictumst.', '2024-04-29 21:54:26'),
(43, 9, 3, 'In hac habitasse platea dictumst. Sunt torquises imitari velox mirabilis medicinaes. Era brevis ratione est. Sunt seculaes transferre talis camerarius fluctuies. Eposs sunt solems de superbus fortis. Pellentesque vitae velit ex. Mauris dapibus risus quis suscipit vulputate.', '2024-04-29 21:54:27'),
(44, 9, 3, 'Ut eleifend mauris et risus ultrices egestas. Bassus fatalis classiss virtualiter transferre de flavum. Era brevis ratione est. Urna nisl sollicitudin id varius orci quam id turpis. Sed varius a risus eget aliquam. Morbi tempus commodo mattis. Pellentesque vitae velit ex. Nunc viverra elit ac laoreet suscipit. Mineralis persuadere omnes finises desiderium.', '2024-04-29 21:54:28'),
(45, 9, 3, 'Mineralis persuadere omnes finises desiderium. Teres talis saepe tractare de camerarius flavum sensorem. Vae humani generis. Bassus fatalis classiss virtualiter transferre de flavum. Silva de secundus galatae demitto quadra. Mauris dapibus risus quis suscipit vulputate. In hac habitasse platea dictumst. Diatrias tolerare tanquam noster caesium. Ubi est audax amicitia.', '2024-04-29 21:54:29'),
(46, 10, 3, 'Nunc viverra elit ac laoreet suscipit. Abnobas sunt hilotaes de placidus vita. Mauris dapibus risus quis suscipit vulputate. Eros diam egestas libero eu vulputate risus. Pellentesque vitae velit ex. Sunt accentores vitare salvus flavum parses. Curabitur aliquam euismod dolor non ornare. Silva de secundus galatae demitto quadra. In hac habitasse platea dictumst. Urna nisl sollicitudin id varius orci quam id turpis. Ut suscipit posuere justo at vulputate.', '2024-04-29 21:54:25'),
(47, 10, 3, 'Lorem ipsum dolor sit amet consectetur adipiscing elit. Sunt seculaes transferre talis camerarius fluctuies. Aliquam sodales odio id eleifend tristique. Morbi tempus commodo mattis. Pellentesque vitae velit ex. Sed varius a risus eget aliquam. Eposs sunt solems de superbus fortis. Pellentesque et sapien pulvinar consectetur. Mineralis persuadere omnes finises desiderium.', '2024-04-29 21:54:26'),
(48, 10, 3, 'Sunt seculaes transferre talis camerarius fluctuies. Ubi est barbatus nix. Ut suscipit posuere justo at vulputate. Diatrias tolerare tanquam noster caesium. Eposs sunt solems de superbus fortis. In hac habitasse platea dictumst. Aliquam sodales odio id eleifend tristique. Teres talis saepe tractare de camerarius flavum sensorem.', '2024-04-29 21:54:27'),
(49, 10, 3, 'Eros diam egestas libero eu vulputate risus. Aliquam sodales odio id eleifend tristique. Eposs sunt solems de superbus fortis. Sunt accentores vitare salvus flavum parses. Potus sensim ad ferox abnoba. Ut eleifend mauris et risus ultrices egestas. Diatrias tolerare tanquam noster caesium. Abnobas sunt hilotaes de placidus vita.', '2024-04-29 21:54:28'),
(50, 10, 3, 'Mineralis persuadere omnes finises desiderium. Morbi tempus commodo mattis. Sunt accentores vitare salvus flavum parses. Silva de secundus galatae demitto quadra. Curabitur aliquam euismod dolor non ornare. Teres talis saepe tractare de camerarius flavum sensorem. Sed varius a risus eget aliquam. Ut eleifend mauris et risus ultrices egestas. Eros diam egestas libero eu vulputate risus. Era brevis ratione est.', '2024-04-29 21:54:29'),
(51, 11, 3, 'Sunt accentores vitare salvus flavum parses. In hac habitasse platea dictumst. Sunt seculaes transferre talis camerarius fluctuies. Pellentesque vitae velit ex. Potus sensim ad ferox abnoba. Vae humani generis. Nunc viverra elit ac laoreet suscipit. Abnobas sunt hilotaes de placidus vita.', '2024-04-29 21:54:25'),
(52, 11, 3, 'Sunt seculaes transferre talis camerarius fluctuies. Ut suscipit posuere justo at vulputate. Ut eleifend mauris et risus ultrices egestas. Pellentesque vitae velit ex. Nunc viverra elit ac laoreet suscipit. Diatrias tolerare tanquam noster caesium. Teres talis saepe tractare de camerarius flavum sensorem. Vae humani generis. Ubi est barbatus nix. Mauris dapibus risus quis suscipit vulputate. Era brevis ratione est. Sunt torquises imitari velox mirabilis medicinaes.', '2024-04-29 21:54:26'),
(53, 11, 3, 'Mauris dapibus risus quis suscipit vulputate. Lorem ipsum dolor sit amet consectetur adipiscing elit. Ut eleifend mauris et risus ultrices egestas. Teres talis saepe tractare de camerarius flavum sensorem. Mineralis persuadere omnes finises desiderium. Ut suscipit posuere justo at vulputate.', '2024-04-29 21:54:27'),
(54, 11, 3, 'Lorem ipsum dolor sit amet consectetur adipiscing elit. Eposs sunt solems de superbus fortis. In hac habitasse platea dictumst. Pellentesque vitae velit ex. Ut eleifend mauris et risus ultrices egestas. Era brevis ratione est. Pellentesque et sapien pulvinar consectetur. Ut suscipit posuere justo at vulputate. Urna nisl sollicitudin id varius orci quam id turpis. Sed varius a risus eget aliquam. Nunc viverra elit ac laoreet suscipit. Morbi tempus commodo mattis.', '2024-04-29 21:54:28'),
(55, 11, 3, 'Urna nisl sollicitudin id varius orci quam id turpis. Pellentesque vitae velit ex. Sunt seculaes transferre talis camerarius fluctuies. Era brevis ratione est. Ubi est barbatus nix. Morbi tempus commodo mattis. Ut suscipit posuere justo at vulputate. Eposs sunt solems de superbus fortis. Lorem ipsum dolor sit amet consectetur adipiscing elit. Mauris dapibus risus quis suscipit vulputate.', '2024-04-29 21:54:29'),
(56, 12, 3, 'Era brevis ratione est. Eros diam egestas libero eu vulputate risus. Curabitur aliquam euismod dolor non ornare. Sunt torquises imitari velox mirabilis medicinaes. Urna nisl sollicitudin id varius orci quam id turpis. Abnobas sunt hilotaes de placidus vita.', '2024-04-29 21:54:25'),
(57, 12, 3, 'Pellentesque vitae velit ex. Nulla porta lobortis ligula vel egestas. Aliquam sodales odio id eleifend tristique. Sunt seculaes transferre talis camerarius fluctuies. In hac habitasse platea dictumst. Morbi tempus commodo mattis. Vae humani generis.', '2024-04-29 21:54:26'),
(58, 12, 3, 'Ubi est audax amicitia. Pellentesque vitae velit ex. Nulla porta lobortis ligula vel egestas. Sunt accentores vitare salvus flavum parses. Ut eleifend mauris et risus ultrices egestas. Vae humani generis. Mineralis persuadere omnes finises desiderium. Ut suscipit posuere justo at vulputate.', '2024-04-29 21:54:27'),
(59, 12, 3, 'Silva de secundus galatae demitto quadra. Ut suscipit posuere justo at vulputate. Sed varius a risus eget aliquam. Ubi est barbatus nix. Pellentesque et sapien pulvinar consectetur. Era brevis ratione est. Nulla porta lobortis ligula vel egestas. Bassus fatalis classiss virtualiter transferre de flavum. Sunt seculaes transferre talis camerarius fluctuies. Lorem ipsum dolor sit amet consectetur adipiscing elit. Ubi est audax amicitia. Vae humani generis. Eros diam egestas libero eu vulputate risus.', '2024-04-29 21:54:28'),
(60, 12, 3, 'Pellentesque et sapien pulvinar consectetur. Diatrias tolerare tanquam noster caesium. Morbi tempus commodo mattis. Ubi est audax amicitia. Sunt seculaes transferre talis camerarius fluctuies. Ut eleifend mauris et risus ultrices egestas. Mauris dapibus risus quis suscipit vulputate. Silva de secundus galatae demitto quadra. Curabitur aliquam euismod dolor non ornare.', '2024-04-29 21:54:29'),
(61, 13, 3, 'Ubi est audax amicitia. Mauris dapibus risus quis suscipit vulputate. Sed varius a risus eget aliquam. Potus sensim ad ferox abnoba. Pellentesque et sapien pulvinar consectetur. Silva de secundus galatae demitto quadra. Morbi tempus commodo mattis. Ut suscipit posuere justo at vulputate. Sunt seculaes transferre talis camerarius fluctuies. In hac habitasse platea dictumst. Eros diam egestas libero eu vulputate risus. Nulla porta lobortis ligula vel egestas.', '2024-04-29 21:54:25'),
(62, 13, 3, 'Ut suscipit posuere justo at vulputate. Eros diam egestas libero eu vulputate risus. Bassus fatalis classiss virtualiter transferre de flavum. Curabitur aliquam euismod dolor non ornare. Eposs sunt solems de superbus fortis. Potus sensim ad ferox abnoba. Pellentesque et sapien pulvinar consectetur. Sunt torquises imitari velox mirabilis medicinaes. Ubi est barbatus nix. Ubi est audax amicitia. Ut eleifend mauris et risus ultrices egestas. Morbi tempus commodo mattis.', '2024-04-29 21:54:26'),
(63, 13, 3, 'Curabitur aliquam euismod dolor non ornare. Abnobas sunt hilotaes de placidus vita. In hac habitasse platea dictumst. Pellentesque vitae velit ex. Potus sensim ad ferox abnoba. Morbi tempus commodo mattis. Ubi est barbatus nix. Mineralis persuadere omnes finises desiderium. Silva de secundus galatae demitto quadra.', '2024-04-29 21:54:27'),
(64, 13, 3, 'Diatrias tolerare tanquam noster caesium. Morbi tempus commodo mattis. Ut suscipit posuere justo at vulputate. Sunt torquises imitari velox mirabilis medicinaes. Sunt seculaes transferre talis camerarius fluctuies. Curabitur aliquam euismod dolor non ornare. Ubi est audax amicitia.', '2024-04-29 21:54:28'),
(65, 13, 3, 'Sed varius a risus eget aliquam. Nulla porta lobortis ligula vel egestas. Lorem ipsum dolor sit amet consectetur adipiscing elit. Vae humani generis. Bassus fatalis classiss virtualiter transferre de flavum. Ut suscipit posuere justo at vulputate. Silva de secundus galatae demitto quadra. Ubi est barbatus nix.', '2024-04-29 21:54:29'),
(66, 14, 3, 'Pellentesque et sapien pulvinar consectetur. Ubi est audax amicitia. Ut eleifend mauris et risus ultrices egestas. Curabitur aliquam euismod dolor non ornare. Teres talis saepe tractare de camerarius flavum sensorem. Sed varius a risus eget aliquam. Nunc viverra elit ac laoreet suscipit. Eposs sunt solems de superbus fortis. Morbi tempus commodo mattis.', '2024-04-29 21:54:25'),
(67, 14, 3, 'Ut suscipit posuere justo at vulputate. Eros diam egestas libero eu vulputate risus. Pellentesque vitae velit ex. Eposs sunt solems de superbus fortis. Curabitur aliquam euismod dolor non ornare. Aliquam sodales odio id eleifend tristique. Sunt accentores vitare salvus flavum parses.', '2024-04-29 21:54:26'),
(68, 14, 3, 'Eposs sunt solems de superbus fortis. Ubi est barbatus nix. Ubi est audax amicitia. Potus sensim ad ferox abnoba. Pellentesque et sapien pulvinar consectetur. Pellentesque vitae velit ex. Nunc viverra elit ac laoreet suscipit. Lorem ipsum dolor sit amet consectetur adipiscing elit.', '2024-04-29 21:54:27'),
(69, 14, 3, 'Lorem ipsum dolor sit amet consectetur adipiscing elit. Sed varius a risus eget aliquam. Aliquam sodales odio id eleifend tristique. Silva de secundus galatae demitto quadra. Potus sensim ad ferox abnoba. Urna nisl sollicitudin id varius orci quam id turpis.', '2024-04-29 21:54:28'),
(70, 14, 3, 'Pellentesque vitae velit ex. Nunc viverra elit ac laoreet suscipit. Abnobas sunt hilotaes de placidus vita. Nulla porta lobortis ligula vel egestas. Teres talis saepe tractare de camerarius flavum sensorem. Aliquam sodales odio id eleifend tristique. Ubi est barbatus nix. Diatrias tolerare tanquam noster caesium. Mineralis persuadere omnes finises desiderium. Morbi tempus commodo mattis. Sed varius a risus eget aliquam. In hac habitasse platea dictumst.', '2024-04-29 21:54:29'),
(71, 15, 3, 'Sed varius a risus eget aliquam. Nulla porta lobortis ligula vel egestas. Bassus fatalis classiss virtualiter transferre de flavum. Ut eleifend mauris et risus ultrices egestas. Vae humani generis. Potus sensim ad ferox abnoba. Mauris dapibus risus quis suscipit vulputate. Sunt accentores vitare salvus flavum parses. Eros diam egestas libero eu vulputate risus. Lorem ipsum dolor sit amet consectetur adipiscing elit. Nunc viverra elit ac laoreet suscipit.', '2024-04-29 21:54:25'),
(72, 15, 3, 'Lorem ipsum dolor sit amet consectetur adipiscing elit. Pellentesque et sapien pulvinar consectetur. Silva de secundus galatae demitto quadra. Sunt accentores vitare salvus flavum parses. Pellentesque vitae velit ex. Diatrias tolerare tanquam noster caesium. Mineralis persuadere omnes finises desiderium. Eposs sunt solems de superbus fortis. Nunc viverra elit ac laoreet suscipit. Aliquam sodales odio id eleifend tristique.', '2024-04-29 21:54:26'),
(73, 15, 3, 'Mineralis persuadere omnes finises desiderium. Lorem ipsum dolor sit amet consectetur adipiscing elit. Sunt seculaes transferre talis camerarius fluctuies. Abnobas sunt hilotaes de placidus vita. Ut suscipit posuere justo at vulputate. Nulla porta lobortis ligula vel egestas. Curabitur aliquam euismod dolor non ornare.', '2024-04-29 21:54:27'),
(74, 15, 3, 'Lorem ipsum dolor sit amet consectetur adipiscing elit. Diatrias tolerare tanquam noster caesium. Mauris dapibus risus quis suscipit vulputate. Abnobas sunt hilotaes de placidus vita. Aliquam sodales odio id eleifend tristique. Era brevis ratione est. Nulla porta lobortis ligula vel egestas. Silva de secundus galatae demitto quadra.', '2024-04-29 21:54:28'),
(75, 15, 3, 'Sunt seculaes transferre talis camerarius fluctuies. Pellentesque vitae velit ex. Mauris dapibus risus quis suscipit vulputate. Urna nisl sollicitudin id varius orci quam id turpis. Sed varius a risus eget aliquam. Sunt torquises imitari velox mirabilis medicinaes. Bassus fatalis classiss virtualiter transferre de flavum. Vae humani generis. Nulla porta lobortis ligula vel egestas. Nunc viverra elit ac laoreet suscipit.', '2024-04-29 21:54:29'),
(76, 16, 3, 'Teres talis saepe tractare de camerarius flavum sensorem. Potus sensim ad ferox abnoba. Ubi est barbatus nix. Abnobas sunt hilotaes de placidus vita. Sunt torquises imitari velox mirabilis medicinaes. Ubi est audax amicitia. Diatrias tolerare tanquam noster caesium. Eros diam egestas libero eu vulputate risus. Sunt seculaes transferre talis camerarius fluctuies. Mauris dapibus risus quis suscipit vulputate.', '2024-04-29 21:54:25'),
(77, 16, 3, 'Pellentesque et sapien pulvinar consectetur. Potus sensim ad ferox abnoba. Eros diam egestas libero eu vulputate risus. Lorem ipsum dolor sit amet consectetur adipiscing elit. Curabitur aliquam euismod dolor non ornare. Mauris dapibus risus quis suscipit vulputate. Morbi tempus commodo mattis. Bassus fatalis classiss virtualiter transferre de flavum. Mineralis persuadere omnes finises desiderium. Sunt accentores vitare salvus flavum parses.', '2024-04-29 21:54:26'),
(78, 16, 3, 'Ubi est audax amicitia. Eposs sunt solems de superbus fortis. Lorem ipsum dolor sit amet consectetur adipiscing elit. Vae humani generis. Bassus fatalis classiss virtualiter transferre de flavum. Abnobas sunt hilotaes de placidus vita. Eros diam egestas libero eu vulputate risus. Sunt seculaes transferre talis camerarius fluctuies. Sed varius a risus eget aliquam. Silva de secundus galatae demitto quadra.', '2024-04-29 21:54:27'),
(79, 16, 3, 'Ubi est audax amicitia. Morbi tempus commodo mattis. Bassus fatalis classiss virtualiter transferre de flavum. Teres talis saepe tractare de camerarius flavum sensorem. Ubi est barbatus nix. Era brevis ratione est. Nulla porta lobortis ligula vel egestas. Abnobas sunt hilotaes de placidus vita. Curabitur aliquam euismod dolor non ornare.', '2024-04-29 21:54:28'),
(80, 16, 3, 'Curabitur aliquam euismod dolor non ornare. In hac habitasse platea dictumst. Ut eleifend mauris et risus ultrices egestas. Nunc viverra elit ac laoreet suscipit. Ut suscipit posuere justo at vulputate. Sunt seculaes transferre talis camerarius fluctuies. Vae humani generis. Sed varius a risus eget aliquam. Pellentesque vitae velit ex. Morbi tempus commodo mattis. Eposs sunt solems de superbus fortis.', '2024-04-29 21:54:29'),
(81, 17, 3, 'Urna nisl sollicitudin id varius orci quam id turpis. Ut suscipit posuere justo at vulputate. Pellentesque vitae velit ex. Vae humani generis. Ubi est barbatus nix. Eposs sunt solems de superbus fortis. Mauris dapibus risus quis suscipit vulputate. Lorem ipsum dolor sit amet consectetur adipiscing elit. Bassus fatalis classiss virtualiter transferre de flavum. Nunc viverra elit ac laoreet suscipit. Sunt accentores vitare salvus flavum parses. Sunt seculaes transferre talis camerarius fluctuies.', '2024-04-29 21:54:25'),
(82, 17, 3, 'Ubi est barbatus nix. Ubi est audax amicitia. Abnobas sunt hilotaes de placidus vita. In hac habitasse platea dictumst. Ut eleifend mauris et risus ultrices egestas. Aliquam sodales odio id eleifend tristique. Morbi tempus commodo mattis. Ut suscipit posuere justo at vulputate. Mineralis persuadere omnes finises desiderium. Era brevis ratione est. Sed varius a risus eget aliquam.', '2024-04-29 21:54:26'),
(83, 17, 3, 'Eposs sunt solems de superbus fortis. Potus sensim ad ferox abnoba. Mauris dapibus risus quis suscipit vulputate. Abnobas sunt hilotaes de placidus vita. Sed varius a risus eget aliquam. Bassus fatalis classiss virtualiter transferre de flavum. Ut eleifend mauris et risus ultrices egestas. Ubi est barbatus nix. Morbi tempus commodo mattis. Vae humani generis.', '2024-04-29 21:54:27'),
(84, 17, 3, 'Ut suscipit posuere justo at vulputate. Mineralis persuadere omnes finises desiderium. Pellentesque et sapien pulvinar consectetur. In hac habitasse platea dictumst. Silva de secundus galatae demitto quadra. Teres talis saepe tractare de camerarius flavum sensorem. Curabitur aliquam euismod dolor non ornare. Sed varius a risus eget aliquam. Ut eleifend mauris et risus ultrices egestas. Abnobas sunt hilotaes de placidus vita.', '2024-04-29 21:54:28'),
(85, 17, 3, 'Ut eleifend mauris et risus ultrices egestas. Urna nisl sollicitudin id varius orci quam id turpis. Bassus fatalis classiss virtualiter transferre de flavum. Ubi est audax amicitia. Nulla porta lobortis ligula vel egestas. Curabitur aliquam euismod dolor non ornare. Silva de secundus galatae demitto quadra. Nunc viverra elit ac laoreet suscipit. Mauris dapibus risus quis suscipit vulputate. Sed varius a risus eget aliquam.', '2024-04-29 21:54:29'),
(86, 18, 3, 'Nulla porta lobortis ligula vel egestas. Sed varius a risus eget aliquam. Nunc viverra elit ac laoreet suscipit. In hac habitasse platea dictumst. Potus sensim ad ferox abnoba. Eros diam egestas libero eu vulputate risus. Vae humani generis. Pellentesque vitae velit ex. Eposs sunt solems de superbus fortis. Lorem ipsum dolor sit amet consectetur adipiscing elit. Era brevis ratione est.', '2024-04-29 21:54:25'),
(87, 18, 3, 'Ubi est audax amicitia. Morbi tempus commodo mattis. Nulla porta lobortis ligula vel egestas. Mineralis persuadere omnes finises desiderium. Era brevis ratione est. Ubi est barbatus nix. Mauris dapibus risus quis suscipit vulputate. Silva de secundus galatae demitto quadra. Vae humani generis. Ut eleifend mauris et risus ultrices egestas. Nunc viverra elit ac laoreet suscipit. Teres talis saepe tractare de camerarius flavum sensorem.', '2024-04-29 21:54:26'),
(88, 18, 3, 'Era brevis ratione est. Sunt torquises imitari velox mirabilis medicinaes. Aliquam sodales odio id eleifend tristique. Teres talis saepe tractare de camerarius flavum sensorem. Ubi est barbatus nix. Ut eleifend mauris et risus ultrices egestas. Sed varius a risus eget aliquam. Mauris dapibus risus quis suscipit vulputate. Urna nisl sollicitudin id varius orci quam id turpis. Sunt seculaes transferre talis camerarius fluctuies.', '2024-04-29 21:54:27'),
(89, 18, 3, 'Morbi tempus commodo mattis. Lorem ipsum dolor sit amet consectetur adipiscing elit. Nunc viverra elit ac laoreet suscipit. Era brevis ratione est. Nulla porta lobortis ligula vel egestas. Urna nisl sollicitudin id varius orci quam id turpis. Mineralis persuadere omnes finises desiderium. Sunt torquises imitari velox mirabilis medicinaes. Silva de secundus galatae demitto quadra. Sunt accentores vitare salvus flavum parses. Eros diam egestas libero eu vulputate risus. Pellentesque vitae velit ex.', '2024-04-29 21:54:28'),
(90, 18, 3, 'Pellentesque vitae velit ex. Bassus fatalis classiss virtualiter transferre de flavum. Aliquam sodales odio id eleifend tristique. Sunt torquises imitari velox mirabilis medicinaes. Silva de secundus galatae demitto quadra. Morbi tempus commodo mattis. Mauris dapibus risus quis suscipit vulputate. Ut eleifend mauris et risus ultrices egestas.', '2024-04-29 21:54:29'),
(91, 19, 3, 'Sunt seculaes transferre talis camerarius fluctuies. Vae humani generis. In hac habitasse platea dictumst. Mauris dapibus risus quis suscipit vulputate. Diatrias tolerare tanquam noster caesium. Mineralis persuadere omnes finises desiderium. Era brevis ratione est. Abnobas sunt hilotaes de placidus vita.', '2024-04-29 21:54:25'),
(92, 19, 3, 'Pellentesque et sapien pulvinar consectetur. Diatrias tolerare tanquam noster caesium. Eros diam egestas libero eu vulputate risus. Ut suscipit posuere justo at vulputate. Nunc viverra elit ac laoreet suscipit. Lorem ipsum dolor sit amet consectetur adipiscing elit. Mineralis persuadere omnes finises desiderium. Sunt seculaes transferre talis camerarius fluctuies. Sunt accentores vitare salvus flavum parses. Silva de secundus galatae demitto quadra. Sed varius a risus eget aliquam.', '2024-04-29 21:54:26'),
(93, 19, 3, 'Sed varius a risus eget aliquam. Mauris dapibus risus quis suscipit vulputate. Teres talis saepe tractare de camerarius flavum sensorem. Vae humani generis. Lorem ipsum dolor sit amet consectetur adipiscing elit. Morbi tempus commodo mattis. Urna nisl sollicitudin id varius orci quam id turpis. Sunt torquises imitari velox mirabilis medicinaes. Mineralis persuadere omnes finises desiderium. Nunc viverra elit ac laoreet suscipit. Potus sensim ad ferox abnoba.', '2024-04-29 21:54:27'),
(94, 19, 3, 'Pellentesque et sapien pulvinar consectetur. Aliquam sodales odio id eleifend tristique. Nulla porta lobortis ligula vel egestas. Lorem ipsum dolor sit amet consectetur adipiscing elit. Sed varius a risus eget aliquam. Era brevis ratione est. Ut suscipit posuere justo at vulputate. In hac habitasse platea dictumst. Morbi tempus commodo mattis. Bassus fatalis classiss virtualiter transferre de flavum. Ubi est audax amicitia.', '2024-04-29 21:54:28'),
(95, 19, 3, 'Nulla porta lobortis ligula vel egestas. Curabitur aliquam euismod dolor non ornare. Mineralis persuadere omnes finises desiderium. Sed varius a risus eget aliquam. Bassus fatalis classiss virtualiter transferre de flavum. Aliquam sodales odio id eleifend tristique. Vae humani generis.', '2024-04-29 21:54:29'),
(96, 20, 3, 'Morbi tempus commodo mattis. Sunt accentores vitare salvus flavum parses. Vae humani generis. Bassus fatalis classiss virtualiter transferre de flavum. Silva de secundus galatae demitto quadra. Potus sensim ad ferox abnoba. Urna nisl sollicitudin id varius orci quam id turpis. Diatrias tolerare tanquam noster caesium. Teres talis saepe tractare de camerarius flavum sensorem.', '2024-04-29 21:54:25'),
(97, 20, 3, 'Sed varius a risus eget aliquam. Lorem ipsum dolor sit amet consectetur adipiscing elit. Vae humani generis. Nulla porta lobortis ligula vel egestas. Abnobas sunt hilotaes de placidus vita. Potus sensim ad ferox abnoba. In hac habitasse platea dictumst. Ubi est barbatus nix. Bassus fatalis classiss virtualiter transferre de flavum.', '2024-04-29 21:54:26'),
(98, 20, 3, 'Mineralis persuadere omnes finises desiderium. Potus sensim ad ferox abnoba. Curabitur aliquam euismod dolor non ornare. Silva de secundus galatae demitto quadra. Sunt torquises imitari velox mirabilis medicinaes. Sunt seculaes transferre talis camerarius fluctuies. Sunt accentores vitare salvus flavum parses. Era brevis ratione est. Pellentesque et sapien pulvinar consectetur. Urna nisl sollicitudin id varius orci quam id turpis.', '2024-04-29 21:54:27'),
(99, 20, 3, 'Ubi est barbatus nix. Ubi est audax amicitia. Nunc viverra elit ac laoreet suscipit. Aliquam sodales odio id eleifend tristique. Urna nisl sollicitudin id varius orci quam id turpis. Silva de secundus galatae demitto quadra.', '2024-04-29 21:54:28'),
(100, 20, 3, 'Ubi est barbatus nix. In hac habitasse platea dictumst. Sunt seculaes transferre talis camerarius fluctuies. Lorem ipsum dolor sit amet consectetur adipiscing elit. Nulla porta lobortis ligula vel egestas. Bassus fatalis classiss virtualiter transferre de flavum. Eros diam egestas libero eu vulputate risus. Sunt torquises imitari velox mirabilis medicinaes.', '2024-04-29 21:54:29'),
(101, 21, 3, 'Lorem ipsum dolor sit amet consectetur adipiscing elit. Ut eleifend mauris et risus ultrices egestas. Pellentesque vitae velit ex. Sunt seculaes transferre talis camerarius fluctuies. Nulla porta lobortis ligula vel egestas. Sed varius a risus eget aliquam. Diatrias tolerare tanquam noster caesium. Vae humani generis. Abnobas sunt hilotaes de placidus vita. Morbi tempus commodo mattis.', '2024-04-29 21:54:25'),
(102, 21, 3, 'Lorem ipsum dolor sit amet consectetur adipiscing elit. Potus sensim ad ferox abnoba. Abnobas sunt hilotaes de placidus vita. Pellentesque vitae velit ex. Urna nisl sollicitudin id varius orci quam id turpis. Sed varius a risus eget aliquam.', '2024-04-29 21:54:26'),
(103, 21, 3, 'Curabitur aliquam euismod dolor non ornare. Mineralis persuadere omnes finises desiderium. Ut suscipit posuere justo at vulputate. Eposs sunt solems de superbus fortis. Abnobas sunt hilotaes de placidus vita. Eros diam egestas libero eu vulputate risus. Pellentesque vitae velit ex. Morbi tempus commodo mattis. Sunt seculaes transferre talis camerarius fluctuies. Diatrias tolerare tanquam noster caesium. Lorem ipsum dolor sit amet consectetur adipiscing elit.', '2024-04-29 21:54:27'),
(104, 21, 3, 'Diatrias tolerare tanquam noster caesium. Bassus fatalis classiss virtualiter transferre de flavum. Potus sensim ad ferox abnoba. Ubi est barbatus nix. Sunt seculaes transferre talis camerarius fluctuies. Ubi est audax amicitia. Eposs sunt solems de superbus fortis. Pellentesque vitae velit ex.', '2024-04-29 21:54:28'),
(105, 21, 3, 'Aliquam sodales odio id eleifend tristique. Pellentesque vitae velit ex. Sunt seculaes transferre talis camerarius fluctuies. Teres talis saepe tractare de camerarius flavum sensorem. Ubi est barbatus nix. Eposs sunt solems de superbus fortis. Sunt accentores vitare salvus flavum parses. Silva de secundus galatae demitto quadra.', '2024-04-29 21:54:29'),
(106, 22, 3, 'Abnobas sunt hilotaes de placidus vita. Lorem ipsum dolor sit amet consectetur adipiscing elit. Pellentesque et sapien pulvinar consectetur. Mauris dapibus risus quis suscipit vulputate. Ut suscipit posuere justo at vulputate. Silva de secundus galatae demitto quadra. In hac habitasse platea dictumst. Sed varius a risus eget aliquam. Mineralis persuadere omnes finises desiderium. Eros diam egestas libero eu vulputate risus.', '2024-04-29 21:54:25'),
(107, 22, 3, 'Eposs sunt solems de superbus fortis. Morbi tempus commodo mattis. Sunt seculaes transferre talis camerarius fluctuies. Aliquam sodales odio id eleifend tristique. Lorem ipsum dolor sit amet consectetur adipiscing elit. Pellentesque et sapien pulvinar consectetur. Ut suscipit posuere justo at vulputate. Diatrias tolerare tanquam noster caesium. Curabitur aliquam euismod dolor non ornare. Potus sensim ad ferox abnoba. Sunt torquises imitari velox mirabilis medicinaes.', '2024-04-29 21:54:26'),
(108, 22, 3, 'Aliquam sodales odio id eleifend tristique. Era brevis ratione est. Vae humani generis. Diatrias tolerare tanquam noster caesium. Sunt torquises imitari velox mirabilis medicinaes. Ut suscipit posuere justo at vulputate. Ut eleifend mauris et risus ultrices egestas. Sunt seculaes transferre talis camerarius fluctuies. Curabitur aliquam euismod dolor non ornare. Silva de secundus galatae demitto quadra. Sunt accentores vitare salvus flavum parses.', '2024-04-29 21:54:27'),
(109, 22, 3, 'Era brevis ratione est. Lorem ipsum dolor sit amet consectetur adipiscing elit. Potus sensim ad ferox abnoba. Ut suscipit posuere justo at vulputate. Urna nisl sollicitudin id varius orci quam id turpis. Teres talis saepe tractare de camerarius flavum sensorem. Abnobas sunt hilotaes de placidus vita. Aliquam sodales odio id eleifend tristique. Morbi tempus commodo mattis. Mauris dapibus risus quis suscipit vulputate. Ubi est audax amicitia.', '2024-04-29 21:54:28'),
(110, 22, 3, 'Sunt seculaes transferre talis camerarius fluctuies. Teres talis saepe tractare de camerarius flavum sensorem. Nulla porta lobortis ligula vel egestas. Ubi est barbatus nix. Curabitur aliquam euismod dolor non ornare. Era brevis ratione est. Mineralis persuadere omnes finises desiderium. Mauris dapibus risus quis suscipit vulputate. Morbi tempus commodo mattis.', '2024-04-29 21:54:29'),
(111, 23, 3, 'Nunc viverra elit ac laoreet suscipit. Sed varius a risus eget aliquam. Mineralis persuadere omnes finises desiderium. Era brevis ratione est. Lorem ipsum dolor sit amet consectetur adipiscing elit. Aliquam sodales odio id eleifend tristique.', '2024-04-29 21:54:25'),
(112, 23, 3, 'Morbi tempus commodo mattis. Sed varius a risus eget aliquam. Ut eleifend mauris et risus ultrices egestas. Sunt accentores vitare salvus flavum parses. Pellentesque et sapien pulvinar consectetur. Era brevis ratione est. Urna nisl sollicitudin id varius orci quam id turpis.', '2024-04-29 21:54:26'),
(113, 23, 3, 'Nunc viverra elit ac laoreet suscipit. Sed varius a risus eget aliquam. Ubi est barbatus nix. Sunt torquises imitari velox mirabilis medicinaes. Teres talis saepe tractare de camerarius flavum sensorem. Nulla porta lobortis ligula vel egestas. Eros diam egestas libero eu vulputate risus. Diatrias tolerare tanquam noster caesium.', '2024-04-29 21:54:27'),
(114, 23, 3, 'Pellentesque et sapien pulvinar consectetur. Bassus fatalis classiss virtualiter transferre de flavum. Abnobas sunt hilotaes de placidus vita. Vae humani generis. Sunt seculaes transferre talis camerarius fluctuies. Mineralis persuadere omnes finises desiderium. Diatrias tolerare tanquam noster caesium. Ut suscipit posuere justo at vulputate.', '2024-04-29 21:54:28'),
(115, 23, 3, 'Era brevis ratione est. Pellentesque vitae velit ex. Ubi est barbatus nix. Mineralis persuadere omnes finises desiderium. Urna nisl sollicitudin id varius orci quam id turpis. Curabitur aliquam euismod dolor non ornare. Sunt accentores vitare salvus flavum parses.', '2024-04-29 21:54:29'),
(116, 24, 3, 'Ut eleifend mauris et risus ultrices egestas. Mineralis persuadere omnes finises desiderium. Eros diam egestas libero eu vulputate risus. Bassus fatalis classiss virtualiter transferre de flavum. Abnobas sunt hilotaes de placidus vita.', '2024-04-29 21:54:25'),
(117, 24, 3, 'Pellentesque et sapien pulvinar consectetur. Diatrias tolerare tanquam noster caesium. In hac habitasse platea dictumst. Sunt accentores vitare salvus flavum parses. Mineralis persuadere omnes finises desiderium. Pellentesque vitae velit ex. Aliquam sodales odio id eleifend tristique. Ut suscipit posuere justo at vulputate. Mauris dapibus risus quis suscipit vulputate. Bassus fatalis classiss virtualiter transferre de flavum. Ut eleifend mauris et risus ultrices egestas.', '2024-04-29 21:54:26'),
(118, 24, 3, 'Pellentesque vitae velit ex. Mauris dapibus risus quis suscipit vulputate. Morbi tempus commodo mattis. Ubi est audax amicitia. Curabitur aliquam euismod dolor non ornare. Mineralis persuadere omnes finises desiderium. Teres talis saepe tractare de camerarius flavum sensorem. Nunc viverra elit ac laoreet suscipit. Aliquam sodales odio id eleifend tristique. Sunt torquises imitari velox mirabilis medicinaes. Eros diam egestas libero eu vulputate risus.', '2024-04-29 21:54:27'),
(119, 24, 3, 'Pellentesque et sapien pulvinar consectetur. Era brevis ratione est. Sed varius a risus eget aliquam. Abnobas sunt hilotaes de placidus vita. Diatrias tolerare tanquam noster caesium. Curabitur aliquam euismod dolor non ornare. Ut suscipit posuere justo at vulputate. Ubi est barbatus nix. Sunt seculaes transferre talis camerarius fluctuies. In hac habitasse platea dictumst. Bassus fatalis classiss virtualiter transferre de flavum. Pellentesque vitae velit ex.', '2024-04-29 21:54:28'),
(120, 24, 3, 'Pellentesque vitae velit ex. Vae humani generis. Diatrias tolerare tanquam noster caesium. Era brevis ratione est. Eposs sunt solems de superbus fortis. Teres talis saepe tractare de camerarius flavum sensorem. Sed varius a risus eget aliquam. Bassus fatalis classiss virtualiter transferre de flavum. Curabitur aliquam euismod dolor non ornare. Ubi est barbatus nix. Ubi est audax amicitia. Nunc viverra elit ac laoreet suscipit.', '2024-04-29 21:54:29'),
(121, 25, 3, 'Nulla porta lobortis ligula vel egestas. Ubi est audax amicitia. Ubi est barbatus nix. Sunt torquises imitari velox mirabilis medicinaes. Sed varius a risus eget aliquam. Eposs sunt solems de superbus fortis. Ut eleifend mauris et risus ultrices egestas. Lorem ipsum dolor sit amet consectetur adipiscing elit. In hac habitasse platea dictumst. Nunc viverra elit ac laoreet suscipit.', '2024-04-29 21:54:25'),
(122, 25, 3, 'Mauris dapibus risus quis suscipit vulputate. Sunt seculaes transferre talis camerarius fluctuies. Sed varius a risus eget aliquam. Teres talis saepe tractare de camerarius flavum sensorem. Nulla porta lobortis ligula vel egestas. Pellentesque et sapien pulvinar consectetur. Eposs sunt solems de superbus fortis. Eros diam egestas libero eu vulputate risus. Potus sensim ad ferox abnoba. Mineralis persuadere omnes finises desiderium. Nunc viverra elit ac laoreet suscipit.', '2024-04-29 21:54:26'),
(123, 25, 3, 'Ubi est barbatus nix. Ut suscipit posuere justo at vulputate. Pellentesque vitae velit ex. Lorem ipsum dolor sit amet consectetur adipiscing elit. Potus sensim ad ferox abnoba. Mineralis persuadere omnes finises desiderium. Nunc viverra elit ac laoreet suscipit. Sunt accentores vitare salvus flavum parses. Curabitur aliquam euismod dolor non ornare.', '2024-04-29 21:54:27'),
(124, 25, 3, 'Urna nisl sollicitudin id varius orci quam id turpis. Teres talis saepe tractare de camerarius flavum sensorem. Potus sensim ad ferox abnoba. Nulla porta lobortis ligula vel egestas. Aliquam sodales odio id eleifend tristique. Ubi est barbatus nix. Abnobas sunt hilotaes de placidus vita. In hac habitasse platea dictumst.', '2024-04-29 21:54:28'),
(125, 25, 3, 'Sunt accentores vitare salvus flavum parses. Potus sensim ad ferox abnoba. In hac habitasse platea dictumst. Teres talis saepe tractare de camerarius flavum sensorem. Mauris dapibus risus quis suscipit vulputate. Bassus fatalis classiss virtualiter transferre de flavum. Pellentesque vitae velit ex. Era brevis ratione est.', '2024-04-29 21:54:29'),
(126, 26, 3, 'Potus sensim ad ferox abnoba. Ut suscipit posuere justo at vulputate. Pellentesque vitae velit ex. Ut eleifend mauris et risus ultrices egestas. Era brevis ratione est. In hac habitasse platea dictumst. Nunc viverra elit ac laoreet suscipit. Ubi est audax amicitia. Silva de secundus galatae demitto quadra. Urna nisl sollicitudin id varius orci quam id turpis. Sunt torquises imitari velox mirabilis medicinaes. Vae humani generis. Curabitur aliquam euismod dolor non ornare.', '2024-04-29 21:54:25'),
(127, 26, 3, 'Mauris dapibus risus quis suscipit vulputate. Sunt torquises imitari velox mirabilis medicinaes. Silva de secundus galatae demitto quadra. Ubi est audax amicitia. Ubi est barbatus nix. Sed varius a risus eget aliquam. Nunc viverra elit ac laoreet suscipit. Mineralis persuadere omnes finises desiderium. Ut suscipit posuere justo at vulputate. Aliquam sodales odio id eleifend tristique.', '2024-04-29 21:54:26'),
(128, 26, 3, 'Curabitur aliquam euismod dolor non ornare. Abnobas sunt hilotaes de placidus vita. Morbi tempus commodo mattis. Eposs sunt solems de superbus fortis. Mauris dapibus risus quis suscipit vulputate. Diatrias tolerare tanquam noster caesium. Ut suscipit posuere justo at vulputate.', '2024-04-29 21:54:27'),
(129, 26, 3, 'Eros diam egestas libero eu vulputate risus. Silva de secundus galatae demitto quadra. Ubi est audax amicitia. Bassus fatalis classiss virtualiter transferre de flavum. Sed varius a risus eget aliquam. Mauris dapibus risus quis suscipit vulputate. Urna nisl sollicitudin id varius orci quam id turpis. Abnobas sunt hilotaes de placidus vita. Sunt torquises imitari velox mirabilis medicinaes. Ubi est barbatus nix.', '2024-04-29 21:54:28'),
(130, 26, 3, 'Mineralis persuadere omnes finises desiderium. Ut eleifend mauris et risus ultrices egestas. Ut suscipit posuere justo at vulputate. Ubi est audax amicitia. Pellentesque vitae velit ex. Ubi est barbatus nix. Sunt accentores vitare salvus flavum parses. Lorem ipsum dolor sit amet consectetur adipiscing elit. Potus sensim ad ferox abnoba. In hac habitasse platea dictumst. Silva de secundus galatae demitto quadra. Sunt torquises imitari velox mirabilis medicinaes.', '2024-04-29 21:54:29'),
(131, 27, 3, 'Curabitur aliquam euismod dolor non ornare. Abnobas sunt hilotaes de placidus vita. Pellentesque vitae velit ex. Era brevis ratione est. Lorem ipsum dolor sit amet consectetur adipiscing elit. Vae humani generis. Mineralis persuadere omnes finises desiderium. Pellentesque et sapien pulvinar consectetur.', '2024-04-29 21:54:25');
INSERT INTO `symfony_demo_comment` (`id`, `post_id`, `author_id`, `content`, `published_at`) VALUES
(132, 27, 3, 'Lorem ipsum dolor sit amet consectetur adipiscing elit. Mauris dapibus risus quis suscipit vulputate. Pellentesque vitae velit ex. Morbi tempus commodo mattis. Vae humani generis. Teres talis saepe tractare de camerarius flavum sensorem. Ubi est audax amicitia. Mineralis persuadere omnes finises desiderium. Sunt seculaes transferre talis camerarius fluctuies. Ubi est barbatus nix.', '2024-04-29 21:54:26'),
(133, 27, 3, 'Vae humani generis. Bassus fatalis classiss virtualiter transferre de flavum. Potus sensim ad ferox abnoba. Pellentesque vitae velit ex. Ut suscipit posuere justo at vulputate. Diatrias tolerare tanquam noster caesium. Abnobas sunt hilotaes de placidus vita. Mauris dapibus risus quis suscipit vulputate. Lorem ipsum dolor sit amet consectetur adipiscing elit.', '2024-04-29 21:54:27'),
(134, 27, 3, 'Nunc viverra elit ac laoreet suscipit. Ut eleifend mauris et risus ultrices egestas. Mineralis persuadere omnes finises desiderium. Silva de secundus galatae demitto quadra. Sunt torquises imitari velox mirabilis medicinaes. Eposs sunt solems de superbus fortis. Potus sensim ad ferox abnoba.', '2024-04-29 21:54:28'),
(135, 27, 3, 'Ut eleifend mauris et risus ultrices egestas. Nunc viverra elit ac laoreet suscipit. Vae humani generis. Sunt seculaes transferre talis camerarius fluctuies. Mauris dapibus risus quis suscipit vulputate. Era brevis ratione est. Curabitur aliquam euismod dolor non ornare. Sunt accentores vitare salvus flavum parses. Mineralis persuadere omnes finises desiderium. Abnobas sunt hilotaes de placidus vita. Ubi est barbatus nix.', '2024-04-29 21:54:29'),
(136, 28, 3, 'Nunc viverra elit ac laoreet suscipit. Nulla porta lobortis ligula vel egestas. Potus sensim ad ferox abnoba. Pellentesque et sapien pulvinar consectetur. Eposs sunt solems de superbus fortis. Pellentesque vitae velit ex. Mineralis persuadere omnes finises desiderium.', '2024-04-29 21:54:25'),
(137, 28, 3, 'Mauris dapibus risus quis suscipit vulputate. Vae humani generis. Sunt seculaes transferre talis camerarius fluctuies. Aliquam sodales odio id eleifend tristique. Ubi est audax amicitia. Potus sensim ad ferox abnoba. Diatrias tolerare tanquam noster caesium. Era brevis ratione est. Ubi est barbatus nix. Nulla porta lobortis ligula vel egestas. Urna nisl sollicitudin id varius orci quam id turpis. Eposs sunt solems de superbus fortis. Ut eleifend mauris et risus ultrices egestas.', '2024-04-29 21:54:26'),
(138, 28, 3, 'Teres talis saepe tractare de camerarius flavum sensorem. Mauris dapibus risus quis suscipit vulputate. In hac habitasse platea dictumst. Curabitur aliquam euismod dolor non ornare. Ubi est barbatus nix. Sunt torquises imitari velox mirabilis medicinaes. Ubi est audax amicitia. Eros diam egestas libero eu vulputate risus. Abnobas sunt hilotaes de placidus vita. Sed varius a risus eget aliquam.', '2024-04-29 21:54:27'),
(139, 28, 3, 'Abnobas sunt hilotaes de placidus vita. Lorem ipsum dolor sit amet consectetur adipiscing elit. Ubi est barbatus nix. Ut suscipit posuere justo at vulputate. In hac habitasse platea dictumst. Sed varius a risus eget aliquam. Pellentesque et sapien pulvinar consectetur. Ut eleifend mauris et risus ultrices egestas. Sunt torquises imitari velox mirabilis medicinaes. Pellentesque vitae velit ex.', '2024-04-29 21:54:28'),
(140, 28, 3, 'Nunc viverra elit ac laoreet suscipit. Diatrias tolerare tanquam noster caesium. Ubi est barbatus nix. Eposs sunt solems de superbus fortis. Aliquam sodales odio id eleifend tristique. Urna nisl sollicitudin id varius orci quam id turpis. Era brevis ratione est. Lorem ipsum dolor sit amet consectetur adipiscing elit.', '2024-04-29 21:54:29'),
(141, 29, 3, 'Eros diam egestas libero eu vulputate risus. Mineralis persuadere omnes finises desiderium. Era brevis ratione est. Mauris dapibus risus quis suscipit vulputate. Silva de secundus galatae demitto quadra. Vae humani generis. Urna nisl sollicitudin id varius orci quam id turpis. Nulla porta lobortis ligula vel egestas. Aliquam sodales odio id eleifend tristique.', '2024-04-29 21:54:25'),
(142, 29, 3, 'Sunt accentores vitare salvus flavum parses. Teres talis saepe tractare de camerarius flavum sensorem. In hac habitasse platea dictumst. Abnobas sunt hilotaes de placidus vita. Vae humani generis. Ut eleifend mauris et risus ultrices egestas. Eros diam egestas libero eu vulputate risus. Era brevis ratione est. Urna nisl sollicitudin id varius orci quam id turpis. Nulla porta lobortis ligula vel egestas. Curabitur aliquam euismod dolor non ornare.', '2024-04-29 21:54:26'),
(143, 29, 3, 'Era brevis ratione est. Sunt seculaes transferre talis camerarius fluctuies. Abnobas sunt hilotaes de placidus vita. Teres talis saepe tractare de camerarius flavum sensorem. Ut suscipit posuere justo at vulputate. Urna nisl sollicitudin id varius orci quam id turpis. Morbi tempus commodo mattis.', '2024-04-29 21:54:27'),
(144, 29, 3, 'Ubi est barbatus nix. Mineralis persuadere omnes finises desiderium. Silva de secundus galatae demitto quadra. Teres talis saepe tractare de camerarius flavum sensorem. Bassus fatalis classiss virtualiter transferre de flavum. Lorem ipsum dolor sit amet consectetur adipiscing elit.', '2024-04-29 21:54:28'),
(145, 29, 3, 'Era brevis ratione est. Ut eleifend mauris et risus ultrices egestas. Eposs sunt solems de superbus fortis. Diatrias tolerare tanquam noster caesium. Potus sensim ad ferox abnoba. Urna nisl sollicitudin id varius orci quam id turpis. In hac habitasse platea dictumst.', '2024-04-29 21:54:29'),
(146, 30, 3, 'Sunt seculaes transferre talis camerarius fluctuies. Curabitur aliquam euismod dolor non ornare. Mauris dapibus risus quis suscipit vulputate. Sunt torquises imitari velox mirabilis medicinaes. Ubi est barbatus nix. Sed varius a risus eget aliquam. Diatrias tolerare tanquam noster caesium. Mineralis persuadere omnes finises desiderium. Silva de secundus galatae demitto quadra. In hac habitasse platea dictumst. Morbi tempus commodo mattis.', '2024-04-29 21:54:25'),
(147, 30, 3, 'Silva de secundus galatae demitto quadra. Bassus fatalis classiss virtualiter transferre de flavum. Mauris dapibus risus quis suscipit vulputate. Diatrias tolerare tanquam noster caesium. Sunt seculaes transferre talis camerarius fluctuies. Nunc viverra elit ac laoreet suscipit. Era brevis ratione est. Teres talis saepe tractare de camerarius flavum sensorem.', '2024-04-29 21:54:26'),
(148, 30, 3, 'Silva de secundus galatae demitto quadra. Eros diam egestas libero eu vulputate risus. Sed varius a risus eget aliquam. Abnobas sunt hilotaes de placidus vita. In hac habitasse platea dictumst. Morbi tempus commodo mattis. Ubi est barbatus nix. Ubi est audax amicitia. Pellentesque et sapien pulvinar consectetur. Aliquam sodales odio id eleifend tristique. Teres talis saepe tractare de camerarius flavum sensorem. Mineralis persuadere omnes finises desiderium.', '2024-04-29 21:54:27'),
(149, 30, 3, 'Sunt accentores vitare salvus flavum parses. Potus sensim ad ferox abnoba. Silva de secundus galatae demitto quadra. Ubi est barbatus nix. Sunt torquises imitari velox mirabilis medicinaes. Eros diam egestas libero eu vulputate risus. Ubi est audax amicitia.', '2024-04-29 21:54:28'),
(150, 30, 3, 'Sunt seculaes transferre talis camerarius fluctuies. Ubi est barbatus nix. Lorem ipsum dolor sit amet consectetur adipiscing elit. Mauris dapibus risus quis suscipit vulputate. Diatrias tolerare tanquam noster caesium. Morbi tempus commodo mattis. Vae humani generis.', '2024-04-29 21:54:29');

-- --------------------------------------------------------

--
-- Structure de la table `symfony_demo_post`
--

CREATE TABLE `symfony_demo_post` (
  `id` int(11) NOT NULL,
  `author_id` int(11) NOT NULL,
  `title` varchar(255) NOT NULL,
  `slug` varchar(255) NOT NULL,
  `summary` varchar(255) NOT NULL,
  `content` longtext NOT NULL,
  `published_at` datetime NOT NULL,
  `language` varchar(4) NOT NULL DEFAULT 'en'
) ENGINE=InnoDB DEFAULT CHARSET=utf8mb4 COLLATE=utf8mb4_unicode_ci;

--
-- Déchargement des données de la table `symfony_demo_post`
--

INSERT INTO `symfony_demo_post` (`id`, `author_id`, `title`, `slug`, `summary`, `content`, `published_at`, `language`) VALUES
(3, 1, 'Mauris dapibus risus quis suscipit vulputate', 'mauris-dapibus-risus-quis-suscipit-vulputate', 'Teres talis saepe tractare de camerarius flavum sensorem. Mauris dapibus risus quis suscipit vulputate. Sunt accentores vitare salvus flavum parses. Ut suscipit posuere justo at vulputate. Silva de secundus galatae demitto quadra.', 'Lorem ipsum dolor sit amet consectetur adipisicing elit, sed do eiusmod tempor\nincididunt ut labore et **dolore magna aliqua**: Duis aute irure dolor in\nreprehenderit in voluptate velit esse cillum dolore eu fugiat nulla pariatur.\nExcepteur sint occaecat cupidatat non proident, sunt in culpa qui officia\ndeserunt mollit anim id est laborum.\n\n  * Ut enim ad minim veniam\n  * Quis nostrud exercitation *ullamco laboris*\n  * Nisi ut aliquip ex ea commodo consequat\n\nPraesent id fermentum lorem. Ut est lorem, fringilla at accumsan nec, euismod at\nnunc. Aenean mattis sollicitudin mattis. Nullam pulvinar vestibulum bibendum.\nClass aptent taciti sociosqu ad litora torquent per conubia nostra, per inceptos\nhimenaeos. Fusce nulla purus, gravida ac interdum ut, blandit eget ex. Duis a\nluctus dolor.\n\nInteger auctor massa maximus nulla scelerisque accumsan. *Aliquam ac malesuada*\nex. Pellentesque tortor magna, vulputate eu vulputate ut, venenatis ac lectus.\nPraesent ut lacinia sem. Mauris a lectus eget felis mollis feugiat. Quisque\nefficitur, mi ut semper pulvinar, urna urna blandit massa, eget tincidunt augue\nnulla vitae est.\n\nUt posuere aliquet tincidunt. Aliquam erat volutpat. **Class aptent taciti**\nsociosqu ad litora torquent per conubia nostra, per inceptos himenaeos. Morbi\narcu orci, gravida eget aliquam eu, suscipit et ante. Morbi vulputate metus vel\nipsum finibus, ut dapibus massa feugiat. Vestibulum vel lobortis libero. Sed\ntincidunt tellus et viverra scelerisque. Pellentesque tincidunt cursus felis.\nSed in egestas erat.\n\nAliquam pulvinar interdum massa, vel ullamcorper ante consectetur eu. Vestibulum\nlacinia ac enim vel placerat. Integer pulvinar magna nec dui malesuada, nec\ncongue nisl dictum. Donec mollis nisl tortor, at congue erat consequat a. Nam\ntempus elit porta, blandit elit vel, viverra lorem. Sed sit amet tellus\ntincidunt, faucibus nisl in, aliquet libero.', '2024-04-27 08:33:03', 'en'),
(4, 1, 'Eros diam egestas libero eu vulputate risus', 'eros-diam-egestas-libero-eu-vulputate-risus', 'Lorem ipsum dolor sit amet consectetur adipiscing elit. In hac habitasse platea dictumst. Ut eleifend mauris et risus ultrices egestas. Eposs sunt solems de superbus fortis. Sunt torquises imitari velox mirabilis medicinaes.', 'Lorem ipsum dolor sit amet consectetur adipisicing elit, sed do eiusmod tempor\nincididunt ut labore et **dolore magna aliqua**: Duis aute irure dolor in\nreprehenderit in voluptate velit esse cillum dolore eu fugiat nulla pariatur.\nExcepteur sint occaecat cupidatat non proident, sunt in culpa qui officia\ndeserunt mollit anim id est laborum.\n\n  * Ut enim ad minim veniam\n  * Quis nostrud exercitation *ullamco laboris*\n  * Nisi ut aliquip ex ea commodo consequat\n\nPraesent id fermentum lorem. Ut est lorem, fringilla at accumsan nec, euismod at\nnunc. Aenean mattis sollicitudin mattis. Nullam pulvinar vestibulum bibendum.\nClass aptent taciti sociosqu ad litora torquent per conubia nostra, per inceptos\nhimenaeos. Fusce nulla purus, gravida ac interdum ut, blandit eget ex. Duis a\nluctus dolor.\n\nInteger auctor massa maximus nulla scelerisque accumsan. *Aliquam ac malesuada*\nex. Pellentesque tortor magna, vulputate eu vulputate ut, venenatis ac lectus.\nPraesent ut lacinia sem. Mauris a lectus eget felis mollis feugiat. Quisque\nefficitur, mi ut semper pulvinar, urna urna blandit massa, eget tincidunt augue\nnulla vitae est.\n\nUt posuere aliquet tincidunt. Aliquam erat volutpat. **Class aptent taciti**\nsociosqu ad litora torquent per conubia nostra, per inceptos himenaeos. Morbi\narcu orci, gravida eget aliquam eu, suscipit et ante. Morbi vulputate metus vel\nipsum finibus, ut dapibus massa feugiat. Vestibulum vel lobortis libero. Sed\ntincidunt tellus et viverra scelerisque. Pellentesque tincidunt cursus felis.\nSed in egestas erat.\n\nAliquam pulvinar interdum massa, vel ullamcorper ante consectetur eu. Vestibulum\nlacinia ac enim vel placerat. Integer pulvinar magna nec dui malesuada, nec\ncongue nisl dictum. Donec mollis nisl tortor, at congue erat consequat a. Nam\ntempus elit porta, blandit elit vel, viverra lorem. Sed sit amet tellus\ntincidunt, faucibus nisl in, aliquet libero.', '2024-04-26 14:40:30', 'en'),
(5, 2, 'In hac habitasse platea dictumst', 'in-hac-habitasse-platea-dictumst', 'Vae humani generis. Nulla porta lobortis ligula vel egestas. Mineralis persuadere omnes finises desiderium. Bassus fatalis classiss virtualiter transferre de flavum. Ubi est audax amicitia. Ut eleifend mauris et risus ultrices egestas.', 'Lorem ipsum dolor sit amet consectetur adipisicing elit, sed do eiusmod tempor\nincididunt ut labore et **dolore magna aliqua**: Duis aute irure dolor in\nreprehenderit in voluptate velit esse cillum dolore eu fugiat nulla pariatur.\nExcepteur sint occaecat cupidatat non proident, sunt in culpa qui officia\ndeserunt mollit anim id est laborum.\n\n  * Ut enim ad minim veniam\n  * Quis nostrud exercitation *ullamco laboris*\n  * Nisi ut aliquip ex ea commodo consequat\n\nPraesent id fermentum lorem. Ut est lorem, fringilla at accumsan nec, euismod at\nnunc. Aenean mattis sollicitudin mattis. Nullam pulvinar vestibulum bibendum.\nClass aptent taciti sociosqu ad litora torquent per conubia nostra, per inceptos\nhimenaeos. Fusce nulla purus, gravida ac interdum ut, blandit eget ex. Duis a\nluctus dolor.\n\nInteger auctor massa maximus nulla scelerisque accumsan. *Aliquam ac malesuada*\nex. Pellentesque tortor magna, vulputate eu vulputate ut, venenatis ac lectus.\nPraesent ut lacinia sem. Mauris a lectus eget felis mollis feugiat. Quisque\nefficitur, mi ut semper pulvinar, urna urna blandit massa, eget tincidunt augue\nnulla vitae est.\n\nUt posuere aliquet tincidunt. Aliquam erat volutpat. **Class aptent taciti**\nsociosqu ad litora torquent per conubia nostra, per inceptos himenaeos. Morbi\narcu orci, gravida eget aliquam eu, suscipit et ante. Morbi vulputate metus vel\nipsum finibus, ut dapibus massa feugiat. Vestibulum vel lobortis libero. Sed\ntincidunt tellus et viverra scelerisque. Pellentesque tincidunt cursus felis.\nSed in egestas erat.\n\nAliquam pulvinar interdum massa, vel ullamcorper ante consectetur eu. Vestibulum\nlacinia ac enim vel placerat. Integer pulvinar magna nec dui malesuada, nec\ncongue nisl dictum. Donec mollis nisl tortor, at congue erat consequat a. Nam\ntempus elit porta, blandit elit vel, viverra lorem. Sed sit amet tellus\ntincidunt, faucibus nisl in, aliquet libero.', '2024-04-25 14:26:42', 'en'),
(6, 2, 'Morbi tempus commodo mattis', 'morbi-tempus-commodo-mattis', 'Potus sensim ad ferox abnoba. Bassus fatalis classiss virtualiter transferre de flavum. Nulla porta lobortis ligula vel egestas. Urna nisl sollicitudin id varius orci quam id turpis. Eposs sunt solems de superbus fortis. In hac habitasse platea dictumst.', 'Lorem ipsum dolor sit amet consectetur adipisicing elit, sed do eiusmod tempor\nincididunt ut labore et **dolore magna aliqua**: Duis aute irure dolor in\nreprehenderit in voluptate velit esse cillum dolore eu fugiat nulla pariatur.\nExcepteur sint occaecat cupidatat non proident, sunt in culpa qui officia\ndeserunt mollit anim id est laborum.\n\n  * Ut enim ad minim veniam\n  * Quis nostrud exercitation *ullamco laboris*\n  * Nisi ut aliquip ex ea commodo consequat\n\nPraesent id fermentum lorem. Ut est lorem, fringilla at accumsan nec, euismod at\nnunc. Aenean mattis sollicitudin mattis. Nullam pulvinar vestibulum bibendum.\nClass aptent taciti sociosqu ad litora torquent per conubia nostra, per inceptos\nhimenaeos. Fusce nulla purus, gravida ac interdum ut, blandit eget ex. Duis a\nluctus dolor.\n\nInteger auctor massa maximus nulla scelerisque accumsan. *Aliquam ac malesuada*\nex. Pellentesque tortor magna, vulputate eu vulputate ut, venenatis ac lectus.\nPraesent ut lacinia sem. Mauris a lectus eget felis mollis feugiat. Quisque\nefficitur, mi ut semper pulvinar, urna urna blandit massa, eget tincidunt augue\nnulla vitae est.\n\nUt posuere aliquet tincidunt. Aliquam erat volutpat. **Class aptent taciti**\nsociosqu ad litora torquent per conubia nostra, per inceptos himenaeos. Morbi\narcu orci, gravida eget aliquam eu, suscipit et ante. Morbi vulputate metus vel\nipsum finibus, ut dapibus massa feugiat. Vestibulum vel lobortis libero. Sed\ntincidunt tellus et viverra scelerisque. Pellentesque tincidunt cursus felis.\nSed in egestas erat.\n\nAliquam pulvinar interdum massa, vel ullamcorper ante consectetur eu. Vestibulum\nlacinia ac enim vel placerat. Integer pulvinar magna nec dui malesuada, nec\ncongue nisl dictum. Donec mollis nisl tortor, at congue erat consequat a. Nam\ntempus elit porta, blandit elit vel, viverra lorem. Sed sit amet tellus\ntincidunt, faucibus nisl in, aliquet libero.', '2024-04-24 10:24:02', 'en'),
(7, 1, 'Ut suscipit posuere justo at vulputate', 'ut-suscipit-posuere-justo-at-vulputate', 'Silva de secundus galatae demitto quadra. Ubi est audax amicitia. Sunt torquises imitari velox mirabilis medicinaes. Aliquam sodales odio id eleifend tristique. Eposs sunt solems de superbus fortis. Sunt seculaes transferre talis camerarius fluctuies.', 'Lorem ipsum dolor sit amet consectetur adipisicing elit, sed do eiusmod tempor\nincididunt ut labore et **dolore magna aliqua**: Duis aute irure dolor in\nreprehenderit in voluptate velit esse cillum dolore eu fugiat nulla pariatur.\nExcepteur sint occaecat cupidatat non proident, sunt in culpa qui officia\ndeserunt mollit anim id est laborum.\n\n  * Ut enim ad minim veniam\n  * Quis nostrud exercitation *ullamco laboris*\n  * Nisi ut aliquip ex ea commodo consequat\n\nPraesent id fermentum lorem. Ut est lorem, fringilla at accumsan nec, euismod at\nnunc. Aenean mattis sollicitudin mattis. Nullam pulvinar vestibulum bibendum.\nClass aptent taciti sociosqu ad litora torquent per conubia nostra, per inceptos\nhimenaeos. Fusce nulla purus, gravida ac interdum ut, blandit eget ex. Duis a\nluctus dolor.\n\nInteger auctor massa maximus nulla scelerisque accumsan. *Aliquam ac malesuada*\nex. Pellentesque tortor magna, vulputate eu vulputate ut, venenatis ac lectus.\nPraesent ut lacinia sem. Mauris a lectus eget felis mollis feugiat. Quisque\nefficitur, mi ut semper pulvinar, urna urna blandit massa, eget tincidunt augue\nnulla vitae est.\n\nUt posuere aliquet tincidunt. Aliquam erat volutpat. **Class aptent taciti**\nsociosqu ad litora torquent per conubia nostra, per inceptos himenaeos. Morbi\narcu orci, gravida eget aliquam eu, suscipit et ante. Morbi vulputate metus vel\nipsum finibus, ut dapibus massa feugiat. Vestibulum vel lobortis libero. Sed\ntincidunt tellus et viverra scelerisque. Pellentesque tincidunt cursus felis.\nSed in egestas erat.\n\nAliquam pulvinar interdum massa, vel ullamcorper ante consectetur eu. Vestibulum\nlacinia ac enim vel placerat. Integer pulvinar magna nec dui malesuada, nec\ncongue nisl dictum. Donec mollis nisl tortor, at congue erat consequat a. Nam\ntempus elit porta, blandit elit vel, viverra lorem. Sed sit amet tellus\ntincidunt, faucibus nisl in, aliquet libero.', '2024-04-23 12:29:45', 'en'),
(8, 2, 'Ut eleifend mauris et risus ultrices egestas', 'ut-eleifend-mauris-et-risus-ultrices-egestas', 'Eros diam egestas libero eu vulputate risus. Abnobas sunt hilotaes de placidus vita. Sunt seculaes transferre talis camerarius fluctuies. Mineralis persuadere omnes finises desiderium. Era brevis ratione est. Potus sensim ad ferox abnoba.', 'Lorem ipsum dolor sit amet consectetur adipisicing elit, sed do eiusmod tempor\nincididunt ut labore et **dolore magna aliqua**: Duis aute irure dolor in\nreprehenderit in voluptate velit esse cillum dolore eu fugiat nulla pariatur.\nExcepteur sint occaecat cupidatat non proident, sunt in culpa qui officia\ndeserunt mollit anim id est laborum.\n\n  * Ut enim ad minim veniam\n  * Quis nostrud exercitation *ullamco laboris*\n  * Nisi ut aliquip ex ea commodo consequat\n\nPraesent id fermentum lorem. Ut est lorem, fringilla at accumsan nec, euismod at\nnunc. Aenean mattis sollicitudin mattis. Nullam pulvinar vestibulum bibendum.\nClass aptent taciti sociosqu ad litora torquent per conubia nostra, per inceptos\nhimenaeos. Fusce nulla purus, gravida ac interdum ut, blandit eget ex. Duis a\nluctus dolor.\n\nInteger auctor massa maximus nulla scelerisque accumsan. *Aliquam ac malesuada*\nex. Pellentesque tortor magna, vulputate eu vulputate ut, venenatis ac lectus.\nPraesent ut lacinia sem. Mauris a lectus eget felis mollis feugiat. Quisque\nefficitur, mi ut semper pulvinar, urna urna blandit massa, eget tincidunt augue\nnulla vitae est.\n\nUt posuere aliquet tincidunt. Aliquam erat volutpat. **Class aptent taciti**\nsociosqu ad litora torquent per conubia nostra, per inceptos himenaeos. Morbi\narcu orci, gravida eget aliquam eu, suscipit et ante. Morbi vulputate metus vel\nipsum finibus, ut dapibus massa feugiat. Vestibulum vel lobortis libero. Sed\ntincidunt tellus et viverra scelerisque. Pellentesque tincidunt cursus felis.\nSed in egestas erat.\n\nAliquam pulvinar interdum massa, vel ullamcorper ante consectetur eu. Vestibulum\nlacinia ac enim vel placerat. Integer pulvinar magna nec dui malesuada, nec\ncongue nisl dictum. Donec mollis nisl tortor, at congue erat consequat a. Nam\ntempus elit porta, blandit elit vel, viverra lorem. Sed sit amet tellus\ntincidunt, faucibus nisl in, aliquet libero.', '2024-04-22 09:27:05', 'en'),
(9, 1, 'Aliquam sodales odio id eleifend tristique', 'aliquam-sodales-odio-id-eleifend-tristique', 'Ubi est audax amicitia. Pellentesque vitae velit ex. Morbi tempus commodo mattis. Teres talis saepe tractare de camerarius flavum sensorem. Diatrias tolerare tanquam noster caesium. Urna nisl sollicitudin id varius orci quam id turpis.', 'Lorem ipsum dolor sit amet consectetur adipisicing elit, sed do eiusmod tempor\nincididunt ut labore et **dolore magna aliqua**: Duis aute irure dolor in\nreprehenderit in voluptate velit esse cillum dolore eu fugiat nulla pariatur.\nExcepteur sint occaecat cupidatat non proident, sunt in culpa qui officia\ndeserunt mollit anim id est laborum.\n\n  * Ut enim ad minim veniam\n  * Quis nostrud exercitation *ullamco laboris*\n  * Nisi ut aliquip ex ea commodo consequat\n\nPraesent id fermentum lorem. Ut est lorem, fringilla at accumsan nec, euismod at\nnunc. Aenean mattis sollicitudin mattis. Nullam pulvinar vestibulum bibendum.\nClass aptent taciti sociosqu ad litora torquent per conubia nostra, per inceptos\nhimenaeos. Fusce nulla purus, gravida ac interdum ut, blandit eget ex. Duis a\nluctus dolor.\n\nInteger auctor massa maximus nulla scelerisque accumsan. *Aliquam ac malesuada*\nex. Pellentesque tortor magna, vulputate eu vulputate ut, venenatis ac lectus.\nPraesent ut lacinia sem. Mauris a lectus eget felis mollis feugiat. Quisque\nefficitur, mi ut semper pulvinar, urna urna blandit massa, eget tincidunt augue\nnulla vitae est.\n\nUt posuere aliquet tincidunt. Aliquam erat volutpat. **Class aptent taciti**\nsociosqu ad litora torquent per conubia nostra, per inceptos himenaeos. Morbi\narcu orci, gravida eget aliquam eu, suscipit et ante. Morbi vulputate metus vel\nipsum finibus, ut dapibus massa feugiat. Vestibulum vel lobortis libero. Sed\ntincidunt tellus et viverra scelerisque. Pellentesque tincidunt cursus felis.\nSed in egestas erat.\n\nAliquam pulvinar interdum massa, vel ullamcorper ante consectetur eu. Vestibulum\nlacinia ac enim vel placerat. Integer pulvinar magna nec dui malesuada, nec\ncongue nisl dictum. Donec mollis nisl tortor, at congue erat consequat a. Nam\ntempus elit porta, blandit elit vel, viverra lorem. Sed sit amet tellus\ntincidunt, faucibus nisl in, aliquet libero.', '2024-04-21 17:48:52', 'en'),
(10, 2, 'Urna nisl sollicitudin id varius orci quam id turpis', 'urna-nisl-sollicitudin-id-varius-orci-quam-id-turpis', 'Mauris dapibus risus quis suscipit vulputate. Sed varius a risus eget aliquam. Nunc viverra elit ac laoreet suscipit. Aliquam sodales odio id eleifend tristique. Teres talis saepe tractare de camerarius flavum sensorem.', 'Lorem ipsum dolor sit amet consectetur adipisicing elit, sed do eiusmod tempor\nincididunt ut labore et **dolore magna aliqua**: Duis aute irure dolor in\nreprehenderit in voluptate velit esse cillum dolore eu fugiat nulla pariatur.\nExcepteur sint occaecat cupidatat non proident, sunt in culpa qui officia\ndeserunt mollit anim id est laborum.\n\n  * Ut enim ad minim veniam\n  * Quis nostrud exercitation *ullamco laboris*\n  * Nisi ut aliquip ex ea commodo consequat\n\nPraesent id fermentum lorem. Ut est lorem, fringilla at accumsan nec, euismod at\nnunc. Aenean mattis sollicitudin mattis. Nullam pulvinar vestibulum bibendum.\nClass aptent taciti sociosqu ad litora torquent per conubia nostra, per inceptos\nhimenaeos. Fusce nulla purus, gravida ac interdum ut, blandit eget ex. Duis a\nluctus dolor.\n\nInteger auctor massa maximus nulla scelerisque accumsan. *Aliquam ac malesuada*\nex. Pellentesque tortor magna, vulputate eu vulputate ut, venenatis ac lectus.\nPraesent ut lacinia sem. Mauris a lectus eget felis mollis feugiat. Quisque\nefficitur, mi ut semper pulvinar, urna urna blandit massa, eget tincidunt augue\nnulla vitae est.\n\nUt posuere aliquet tincidunt. Aliquam erat volutpat. **Class aptent taciti**\nsociosqu ad litora torquent per conubia nostra, per inceptos himenaeos. Morbi\narcu orci, gravida eget aliquam eu, suscipit et ante. Morbi vulputate metus vel\nipsum finibus, ut dapibus massa feugiat. Vestibulum vel lobortis libero. Sed\ntincidunt tellus et viverra scelerisque. Pellentesque tincidunt cursus felis.\nSed in egestas erat.\n\nAliquam pulvinar interdum massa, vel ullamcorper ante consectetur eu. Vestibulum\nlacinia ac enim vel placerat. Integer pulvinar magna nec dui malesuada, nec\ncongue nisl dictum. Donec mollis nisl tortor, at congue erat consequat a. Nam\ntempus elit porta, blandit elit vel, viverra lorem. Sed sit amet tellus\ntincidunt, faucibus nisl in, aliquet libero.', '2024-04-20 14:21:45', 'en'),
(11, 1, 'Nulla porta lobortis ligula vel egestas', 'nulla-porta-lobortis-ligula-vel-egestas', 'Teres talis saepe tractare de camerarius flavum sensorem. Eros diam egestas libero eu vulputate risus. Silva de secundus galatae demitto quadra. Era brevis ratione est. Pellentesque et sapien pulvinar consectetur. Vae humani generis.', 'Lorem ipsum dolor sit amet consectetur adipisicing elit, sed do eiusmod tempor\nincididunt ut labore et **dolore magna aliqua**: Duis aute irure dolor in\nreprehenderit in voluptate velit esse cillum dolore eu fugiat nulla pariatur.\nExcepteur sint occaecat cupidatat non proident, sunt in culpa qui officia\ndeserunt mollit anim id est laborum.\n\n  * Ut enim ad minim veniam\n  * Quis nostrud exercitation *ullamco laboris*\n  * Nisi ut aliquip ex ea commodo consequat\n\nPraesent id fermentum lorem. Ut est lorem, fringilla at accumsan nec, euismod at\nnunc. Aenean mattis sollicitudin mattis. Nullam pulvinar vestibulum bibendum.\nClass aptent taciti sociosqu ad litora torquent per conubia nostra, per inceptos\nhimenaeos. Fusce nulla purus, gravida ac interdum ut, blandit eget ex. Duis a\nluctus dolor.\n\nInteger auctor massa maximus nulla scelerisque accumsan. *Aliquam ac malesuada*\nex. Pellentesque tortor magna, vulputate eu vulputate ut, venenatis ac lectus.\nPraesent ut lacinia sem. Mauris a lectus eget felis mollis feugiat. Quisque\nefficitur, mi ut semper pulvinar, urna urna blandit massa, eget tincidunt augue\nnulla vitae est.\n\nUt posuere aliquet tincidunt. Aliquam erat volutpat. **Class aptent taciti**\nsociosqu ad litora torquent per conubia nostra, per inceptos himenaeos. Morbi\narcu orci, gravida eget aliquam eu, suscipit et ante. Morbi vulputate metus vel\nipsum finibus, ut dapibus massa feugiat. Vestibulum vel lobortis libero. Sed\ntincidunt tellus et viverra scelerisque. Pellentesque tincidunt cursus felis.\nSed in egestas erat.\n\nAliquam pulvinar interdum massa, vel ullamcorper ante consectetur eu. Vestibulum\nlacinia ac enim vel placerat. Integer pulvinar magna nec dui malesuada, nec\ncongue nisl dictum. Donec mollis nisl tortor, at congue erat consequat a. Nam\ntempus elit porta, blandit elit vel, viverra lorem. Sed sit amet tellus\ntincidunt, faucibus nisl in, aliquet libero.', '2024-04-19 14:37:09', 'en'),
(12, 2, 'Curabitur aliquam euismod dolor non ornare', 'curabitur-aliquam-euismod-dolor-non-ornare', 'Ubi est audax amicitia. Ut suscipit posuere justo at vulputate. Diatrias tolerare tanquam noster caesium. Sunt seculaes transferre talis camerarius fluctuies. Vae humani generis. Urna nisl sollicitudin id varius orci quam id turpis.', 'Lorem ipsum dolor sit amet consectetur adipisicing elit, sed do eiusmod tempor\nincididunt ut labore et **dolore magna aliqua**: Duis aute irure dolor in\nreprehenderit in voluptate velit esse cillum dolore eu fugiat nulla pariatur.\nExcepteur sint occaecat cupidatat non proident, sunt in culpa qui officia\ndeserunt mollit anim id est laborum.\n\n  * Ut enim ad minim veniam\n  * Quis nostrud exercitation *ullamco laboris*\n  * Nisi ut aliquip ex ea commodo consequat\n\nPraesent id fermentum lorem. Ut est lorem, fringilla at accumsan nec, euismod at\nnunc. Aenean mattis sollicitudin mattis. Nullam pulvinar vestibulum bibendum.\nClass aptent taciti sociosqu ad litora torquent per conubia nostra, per inceptos\nhimenaeos. Fusce nulla purus, gravida ac interdum ut, blandit eget ex. Duis a\nluctus dolor.\n\nInteger auctor massa maximus nulla scelerisque accumsan. *Aliquam ac malesuada*\nex. Pellentesque tortor magna, vulputate eu vulputate ut, venenatis ac lectus.\nPraesent ut lacinia sem. Mauris a lectus eget felis mollis feugiat. Quisque\nefficitur, mi ut semper pulvinar, urna urna blandit massa, eget tincidunt augue\nnulla vitae est.\n\nUt posuere aliquet tincidunt. Aliquam erat volutpat. **Class aptent taciti**\nsociosqu ad litora torquent per conubia nostra, per inceptos himenaeos. Morbi\narcu orci, gravida eget aliquam eu, suscipit et ante. Morbi vulputate metus vel\nipsum finibus, ut dapibus massa feugiat. Vestibulum vel lobortis libero. Sed\ntincidunt tellus et viverra scelerisque. Pellentesque tincidunt cursus felis.\nSed in egestas erat.\n\nAliquam pulvinar interdum massa, vel ullamcorper ante consectetur eu. Vestibulum\nlacinia ac enim vel placerat. Integer pulvinar magna nec dui malesuada, nec\ncongue nisl dictum. Donec mollis nisl tortor, at congue erat consequat a. Nam\ntempus elit porta, blandit elit vel, viverra lorem. Sed sit amet tellus\ntincidunt, faucibus nisl in, aliquet libero.', '2024-04-18 08:37:51', 'en'),
(13, 1, 'Sed varius a risus eget aliquam', 'sed-varius-a-risus-eget-aliquam', 'Ut suscipit posuere justo at vulputate. Aliquam sodales odio id eleifend tristique. Sunt accentores vitare salvus flavum parses. Curabitur aliquam euismod dolor non ornare. Potus sensim ad ferox abnoba.', 'Lorem ipsum dolor sit amet consectetur adipisicing elit, sed do eiusmod tempor\nincididunt ut labore et **dolore magna aliqua**: Duis aute irure dolor in\nreprehenderit in voluptate velit esse cillum dolore eu fugiat nulla pariatur.\nExcepteur sint occaecat cupidatat non proident, sunt in culpa qui officia\ndeserunt mollit anim id est laborum.\n\n  * Ut enim ad minim veniam\n  * Quis nostrud exercitation *ullamco laboris*\n  * Nisi ut aliquip ex ea commodo consequat\n\nPraesent id fermentum lorem. Ut est lorem, fringilla at accumsan nec, euismod at\nnunc. Aenean mattis sollicitudin mattis. Nullam pulvinar vestibulum bibendum.\nClass aptent taciti sociosqu ad litora torquent per conubia nostra, per inceptos\nhimenaeos. Fusce nulla purus, gravida ac interdum ut, blandit eget ex. Duis a\nluctus dolor.\n\nInteger auctor massa maximus nulla scelerisque accumsan. *Aliquam ac malesuada*\nex. Pellentesque tortor magna, vulputate eu vulputate ut, venenatis ac lectus.\nPraesent ut lacinia sem. Mauris a lectus eget felis mollis feugiat. Quisque\nefficitur, mi ut semper pulvinar, urna urna blandit massa, eget tincidunt augue\nnulla vitae est.\n\nUt posuere aliquet tincidunt. Aliquam erat volutpat. **Class aptent taciti**\nsociosqu ad litora torquent per conubia nostra, per inceptos himenaeos. Morbi\narcu orci, gravida eget aliquam eu, suscipit et ante. Morbi vulputate metus vel\nipsum finibus, ut dapibus massa feugiat. Vestibulum vel lobortis libero. Sed\ntincidunt tellus et viverra scelerisque. Pellentesque tincidunt cursus felis.\nSed in egestas erat.\n\nAliquam pulvinar interdum massa, vel ullamcorper ante consectetur eu. Vestibulum\nlacinia ac enim vel placerat. Integer pulvinar magna nec dui malesuada, nec\ncongue nisl dictum. Donec mollis nisl tortor, at congue erat consequat a. Nam\ntempus elit porta, blandit elit vel, viverra lorem. Sed sit amet tellus\ntincidunt, faucibus nisl in, aliquet libero.', '2024-04-17 15:15:23', 'en'),
(14, 1, 'Nunc viverra elit ac laoreet suscipit', 'nunc-viverra-elit-ac-laoreet-suscipit', 'Bassus fatalis classiss virtualiter transferre de flavum. Aliquam sodales odio id eleifend tristique. Urna nisl sollicitudin id varius orci quam id turpis. Pellentesque et sapien pulvinar consectetur. Sed varius a risus eget aliquam.', 'Lorem ipsum dolor sit amet consectetur adipisicing elit, sed do eiusmod tempor\nincididunt ut labore et **dolore magna aliqua**: Duis aute irure dolor in\nreprehenderit in voluptate velit esse cillum dolore eu fugiat nulla pariatur.\nExcepteur sint occaecat cupidatat non proident, sunt in culpa qui officia\ndeserunt mollit anim id est laborum.\n\n  * Ut enim ad minim veniam\n  * Quis nostrud exercitation *ullamco laboris*\n  * Nisi ut aliquip ex ea commodo consequat\n\nPraesent id fermentum lorem. Ut est lorem, fringilla at accumsan nec, euismod at\nnunc. Aenean mattis sollicitudin mattis. Nullam pulvinar vestibulum bibendum.\nClass aptent taciti sociosqu ad litora torquent per conubia nostra, per inceptos\nhimenaeos. Fusce nulla purus, gravida ac interdum ut, blandit eget ex. Duis a\nluctus dolor.\n\nInteger auctor massa maximus nulla scelerisque accumsan. *Aliquam ac malesuada*\nex. Pellentesque tortor magna, vulputate eu vulputate ut, venenatis ac lectus.\nPraesent ut lacinia sem. Mauris a lectus eget felis mollis feugiat. Quisque\nefficitur, mi ut semper pulvinar, urna urna blandit massa, eget tincidunt augue\nnulla vitae est.\n\nUt posuere aliquet tincidunt. Aliquam erat volutpat. **Class aptent taciti**\nsociosqu ad litora torquent per conubia nostra, per inceptos himenaeos. Morbi\narcu orci, gravida eget aliquam eu, suscipit et ante. Morbi vulputate metus vel\nipsum finibus, ut dapibus massa feugiat. Vestibulum vel lobortis libero. Sed\ntincidunt tellus et viverra scelerisque. Pellentesque tincidunt cursus felis.\nSed in egestas erat.\n\nAliquam pulvinar interdum massa, vel ullamcorper ante consectetur eu. Vestibulum\nlacinia ac enim vel placerat. Integer pulvinar magna nec dui malesuada, nec\ncongue nisl dictum. Donec mollis nisl tortor, at congue erat consequat a. Nam\ntempus elit porta, blandit elit vel, viverra lorem. Sed sit amet tellus\ntincidunt, faucibus nisl in, aliquet libero.', '2024-04-16 14:41:19', 'en'),
(15, 1, 'Pellentesque et sapien pulvinar consectetur', 'pellentesque-et-sapien-pulvinar-consectetur', 'Eros diam egestas libero eu vulputate risus. Nulla porta lobortis ligula vel egestas. Morbi tempus commodo mattis. Aliquam sodales odio id eleifend tristique. Ut suscipit posuere justo at vulputate. Curabitur aliquam euismod dolor non ornare.', 'Lorem ipsum dolor sit amet consectetur adipisicing elit, sed do eiusmod tempor\nincididunt ut labore et **dolore magna aliqua**: Duis aute irure dolor in\nreprehenderit in voluptate velit esse cillum dolore eu fugiat nulla pariatur.\nExcepteur sint occaecat cupidatat non proident, sunt in culpa qui officia\ndeserunt mollit anim id est laborum.\n\n  * Ut enim ad minim veniam\n  * Quis nostrud exercitation *ullamco laboris*\n  * Nisi ut aliquip ex ea commodo consequat\n\nPraesent id fermentum lorem. Ut est lorem, fringilla at accumsan nec, euismod at\nnunc. Aenean mattis sollicitudin mattis. Nullam pulvinar vestibulum bibendum.\nClass aptent taciti sociosqu ad litora torquent per conubia nostra, per inceptos\nhimenaeos. Fusce nulla purus, gravida ac interdum ut, blandit eget ex. Duis a\nluctus dolor.\n\nInteger auctor massa maximus nulla scelerisque accumsan. *Aliquam ac malesuada*\nex. Pellentesque tortor magna, vulputate eu vulputate ut, venenatis ac lectus.\nPraesent ut lacinia sem. Mauris a lectus eget felis mollis feugiat. Quisque\nefficitur, mi ut semper pulvinar, urna urna blandit massa, eget tincidunt augue\nnulla vitae est.\n\nUt posuere aliquet tincidunt. Aliquam erat volutpat. **Class aptent taciti**\nsociosqu ad litora torquent per conubia nostra, per inceptos himenaeos. Morbi\narcu orci, gravida eget aliquam eu, suscipit et ante. Morbi vulputate metus vel\nipsum finibus, ut dapibus massa feugiat. Vestibulum vel lobortis libero. Sed\ntincidunt tellus et viverra scelerisque. Pellentesque tincidunt cursus felis.\nSed in egestas erat.\n\nAliquam pulvinar interdum massa, vel ullamcorper ante consectetur eu. Vestibulum\nlacinia ac enim vel placerat. Integer pulvinar magna nec dui malesuada, nec\ncongue nisl dictum. Donec mollis nisl tortor, at congue erat consequat a. Nam\ntempus elit porta, blandit elit vel, viverra lorem. Sed sit amet tellus\ntincidunt, faucibus nisl in, aliquet libero.', '2024-04-15 16:17:35', 'en'),
(16, 2, 'Ubi est barbatus nix', 'ubi-est-barbatus-nix', 'Ubi est barbatus nix. Curabitur aliquam euismod dolor non ornare. Urna nisl sollicitudin id varius orci quam id turpis. Aliquam sodales odio id eleifend tristique. Pellentesque vitae velit ex. Ut suscipit posuere justo at vulputate.', 'Lorem ipsum dolor sit amet consectetur adipisicing elit, sed do eiusmod tempor\nincididunt ut labore et **dolore magna aliqua**: Duis aute irure dolor in\nreprehenderit in voluptate velit esse cillum dolore eu fugiat nulla pariatur.\nExcepteur sint occaecat cupidatat non proident, sunt in culpa qui officia\ndeserunt mollit anim id est laborum.\n\n  * Ut enim ad minim veniam\n  * Quis nostrud exercitation *ullamco laboris*\n  * Nisi ut aliquip ex ea commodo consequat\n\nPraesent id fermentum lorem. Ut est lorem, fringilla at accumsan nec, euismod at\nnunc. Aenean mattis sollicitudin mattis. Nullam pulvinar vestibulum bibendum.\nClass aptent taciti sociosqu ad litora torquent per conubia nostra, per inceptos\nhimenaeos. Fusce nulla purus, gravida ac interdum ut, blandit eget ex. Duis a\nluctus dolor.\n\nInteger auctor massa maximus nulla scelerisque accumsan. *Aliquam ac malesuada*\nex. Pellentesque tortor magna, vulputate eu vulputate ut, venenatis ac lectus.\nPraesent ut lacinia sem. Mauris a lectus eget felis mollis feugiat. Quisque\nefficitur, mi ut semper pulvinar, urna urna blandit massa, eget tincidunt augue\nnulla vitae est.\n\nUt posuere aliquet tincidunt. Aliquam erat volutpat. **Class aptent taciti**\nsociosqu ad litora torquent per conubia nostra, per inceptos himenaeos. Morbi\narcu orci, gravida eget aliquam eu, suscipit et ante. Morbi vulputate metus vel\nipsum finibus, ut dapibus massa feugiat. Vestibulum vel lobortis libero. Sed\ntincidunt tellus et viverra scelerisque. Pellentesque tincidunt cursus felis.\nSed in egestas erat.\n\nAliquam pulvinar interdum massa, vel ullamcorper ante consectetur eu. Vestibulum\nlacinia ac enim vel placerat. Integer pulvinar magna nec dui malesuada, nec\ncongue nisl dictum. Donec mollis nisl tortor, at congue erat consequat a. Nam\ntempus elit porta, blandit elit vel, viverra lorem. Sed sit amet tellus\ntincidunt, faucibus nisl in, aliquet libero.', '2024-04-14 15:22:36', 'en'),
(17, 1, 'Abnobas sunt hilotaes de placidus vita', 'abnobas-sunt-hilotaes-de-placidus-vita', 'Ut eleifend mauris et risus ultrices egestas. Ubi est audax amicitia. Potus sensim ad ferox abnoba. Pellentesque vitae velit ex. Teres talis saepe tractare de camerarius flavum sensorem. Bassus fatalis classiss virtualiter transferre de flavum.', 'Lorem ipsum dolor sit amet consectetur adipisicing elit, sed do eiusmod tempor\nincididunt ut labore et **dolore magna aliqua**: Duis aute irure dolor in\nreprehenderit in voluptate velit esse cillum dolore eu fugiat nulla pariatur.\nExcepteur sint occaecat cupidatat non proident, sunt in culpa qui officia\ndeserunt mollit anim id est laborum.\n\n  * Ut enim ad minim veniam\n  * Quis nostrud exercitation *ullamco laboris*\n  * Nisi ut aliquip ex ea commodo consequat\n\nPraesent id fermentum lorem. Ut est lorem, fringilla at accumsan nec, euismod at\nnunc. Aenean mattis sollicitudin mattis. Nullam pulvinar vestibulum bibendum.\nClass aptent taciti sociosqu ad litora torquent per conubia nostra, per inceptos\nhimenaeos. Fusce nulla purus, gravida ac interdum ut, blandit eget ex. Duis a\nluctus dolor.\n\nInteger auctor massa maximus nulla scelerisque accumsan. *Aliquam ac malesuada*\nex. Pellentesque tortor magna, vulputate eu vulputate ut, venenatis ac lectus.\nPraesent ut lacinia sem. Mauris a lectus eget felis mollis feugiat. Quisque\nefficitur, mi ut semper pulvinar, urna urna blandit massa, eget tincidunt augue\nnulla vitae est.\n\nUt posuere aliquet tincidunt. Aliquam erat volutpat. **Class aptent taciti**\nsociosqu ad litora torquent per conubia nostra, per inceptos himenaeos. Morbi\narcu orci, gravida eget aliquam eu, suscipit et ante. Morbi vulputate metus vel\nipsum finibus, ut dapibus massa feugiat. Vestibulum vel lobortis libero. Sed\ntincidunt tellus et viverra scelerisque. Pellentesque tincidunt cursus felis.\nSed in egestas erat.\n\nAliquam pulvinar interdum massa, vel ullamcorper ante consectetur eu. Vestibulum\nlacinia ac enim vel placerat. Integer pulvinar magna nec dui malesuada, nec\ncongue nisl dictum. Donec mollis nisl tortor, at congue erat consequat a. Nam\ntempus elit porta, blandit elit vel, viverra lorem. Sed sit amet tellus\ntincidunt, faucibus nisl in, aliquet libero.', '2024-04-13 17:09:48', 'en'),
(18, 2, 'Ubi est audax amicitia', 'ubi-est-audax-amicitia', 'Era brevis ratione est. Bassus fatalis classiss virtualiter transferre de flavum. Urna nisl sollicitudin id varius orci quam id turpis. Nunc viverra elit ac laoreet suscipit. Teres talis saepe tractare de camerarius flavum sensorem.', 'Lorem ipsum dolor sit amet consectetur adipisicing elit, sed do eiusmod tempor\nincididunt ut labore et **dolore magna aliqua**: Duis aute irure dolor in\nreprehenderit in voluptate velit esse cillum dolore eu fugiat nulla pariatur.\nExcepteur sint occaecat cupidatat non proident, sunt in culpa qui officia\ndeserunt mollit anim id est laborum.\n\n  * Ut enim ad minim veniam\n  * Quis nostrud exercitation *ullamco laboris*\n  * Nisi ut aliquip ex ea commodo consequat\n\nPraesent id fermentum lorem. Ut est lorem, fringilla at accumsan nec, euismod at\nnunc. Aenean mattis sollicitudin mattis. Nullam pulvinar vestibulum bibendum.\nClass aptent taciti sociosqu ad litora torquent per conubia nostra, per inceptos\nhimenaeos. Fusce nulla purus, gravida ac interdum ut, blandit eget ex. Duis a\nluctus dolor.\n\nInteger auctor massa maximus nulla scelerisque accumsan. *Aliquam ac malesuada*\nex. Pellentesque tortor magna, vulputate eu vulputate ut, venenatis ac lectus.\nPraesent ut lacinia sem. Mauris a lectus eget felis mollis feugiat. Quisque\nefficitur, mi ut semper pulvinar, urna urna blandit massa, eget tincidunt augue\nnulla vitae est.\n\nUt posuere aliquet tincidunt. Aliquam erat volutpat. **Class aptent taciti**\nsociosqu ad litora torquent per conubia nostra, per inceptos himenaeos. Morbi\narcu orci, gravida eget aliquam eu, suscipit et ante. Morbi vulputate metus vel\nipsum finibus, ut dapibus massa feugiat. Vestibulum vel lobortis libero. Sed\ntincidunt tellus et viverra scelerisque. Pellentesque tincidunt cursus felis.\nSed in egestas erat.\n\nAliquam pulvinar interdum massa, vel ullamcorper ante consectetur eu. Vestibulum\nlacinia ac enim vel placerat. Integer pulvinar magna nec dui malesuada, nec\ncongue nisl dictum. Donec mollis nisl tortor, at congue erat consequat a. Nam\ntempus elit porta, blandit elit vel, viverra lorem. Sed sit amet tellus\ntincidunt, faucibus nisl in, aliquet libero.', '2024-04-12 10:18:24', 'en'),
(19, 1, 'Eposs sunt solems de superbus fortis', 'eposs-sunt-solems-de-superbus-fortis', 'Era brevis ratione est. Mineralis persuadere omnes finises desiderium. Abnobas sunt hilotaes de placidus vita. Vae humani generis. Teres talis saepe tractare de camerarius flavum sensorem. Ut eleifend mauris et risus ultrices egestas.', 'Lorem ipsum dolor sit amet consectetur adipisicing elit, sed do eiusmod tempor\nincididunt ut labore et **dolore magna aliqua**: Duis aute irure dolor in\nreprehenderit in voluptate velit esse cillum dolore eu fugiat nulla pariatur.\nExcepteur sint occaecat cupidatat non proident, sunt in culpa qui officia\ndeserunt mollit anim id est laborum.\n\n  * Ut enim ad minim veniam\n  * Quis nostrud exercitation *ullamco laboris*\n  * Nisi ut aliquip ex ea commodo consequat\n\nPraesent id fermentum lorem. Ut est lorem, fringilla at accumsan nec, euismod at\nnunc. Aenean mattis sollicitudin mattis. Nullam pulvinar vestibulum bibendum.\nClass aptent taciti sociosqu ad litora torquent per conubia nostra, per inceptos\nhimenaeos. Fusce nulla purus, gravida ac interdum ut, blandit eget ex. Duis a\nluctus dolor.\n\nInteger auctor massa maximus nulla scelerisque accumsan. *Aliquam ac malesuada*\nex. Pellentesque tortor magna, vulputate eu vulputate ut, venenatis ac lectus.\nPraesent ut lacinia sem. Mauris a lectus eget felis mollis feugiat. Quisque\nefficitur, mi ut semper pulvinar, urna urna blandit massa, eget tincidunt augue\nnulla vitae est.\n\nUt posuere aliquet tincidunt. Aliquam erat volutpat. **Class aptent taciti**\nsociosqu ad litora torquent per conubia nostra, per inceptos himenaeos. Morbi\narcu orci, gravida eget aliquam eu, suscipit et ante. Morbi vulputate metus vel\nipsum finibus, ut dapibus massa feugiat. Vestibulum vel lobortis libero. Sed\ntincidunt tellus et viverra scelerisque. Pellentesque tincidunt cursus felis.\nSed in egestas erat.\n\nAliquam pulvinar interdum massa, vel ullamcorper ante consectetur eu. Vestibulum\nlacinia ac enim vel placerat. Integer pulvinar magna nec dui malesuada, nec\ncongue nisl dictum. Donec mollis nisl tortor, at congue erat consequat a. Nam\ntempus elit porta, blandit elit vel, viverra lorem. Sed sit amet tellus\ntincidunt, faucibus nisl in, aliquet libero.', '2024-04-11 14:25:37', 'en'),
(20, 2, 'Vae humani generis', 'vae-humani-generis', 'Era brevis ratione est. Pellentesque et sapien pulvinar consectetur. Lorem ipsum dolor sit amet consectetur adipiscing elit. Nunc viverra elit ac laoreet suscipit. Teres talis saepe tractare de camerarius flavum sensorem.', 'Lorem ipsum dolor sit amet consectetur adipisicing elit, sed do eiusmod tempor\nincididunt ut labore et **dolore magna aliqua**: Duis aute irure dolor in\nreprehenderit in voluptate velit esse cillum dolore eu fugiat nulla pariatur.\nExcepteur sint occaecat cupidatat non proident, sunt in culpa qui officia\ndeserunt mollit anim id est laborum.\n\n  * Ut enim ad minim veniam\n  * Quis nostrud exercitation *ullamco laboris*\n  * Nisi ut aliquip ex ea commodo consequat\n\nPraesent id fermentum lorem. Ut est lorem, fringilla at accumsan nec, euismod at\nnunc. Aenean mattis sollicitudin mattis. Nullam pulvinar vestibulum bibendum.\nClass aptent taciti sociosqu ad litora torquent per conubia nostra, per inceptos\nhimenaeos. Fusce nulla purus, gravida ac interdum ut, blandit eget ex. Duis a\nluctus dolor.\n\nInteger auctor massa maximus nulla scelerisque accumsan. *Aliquam ac malesuada*\nex. Pellentesque tortor magna, vulputate eu vulputate ut, venenatis ac lectus.\nPraesent ut lacinia sem. Mauris a lectus eget felis mollis feugiat. Quisque\nefficitur, mi ut semper pulvinar, urna urna blandit massa, eget tincidunt augue\nnulla vitae est.\n\nUt posuere aliquet tincidunt. Aliquam erat volutpat. **Class aptent taciti**\nsociosqu ad litora torquent per conubia nostra, per inceptos himenaeos. Morbi\narcu orci, gravida eget aliquam eu, suscipit et ante. Morbi vulputate metus vel\nipsum finibus, ut dapibus massa feugiat. Vestibulum vel lobortis libero. Sed\ntincidunt tellus et viverra scelerisque. Pellentesque tincidunt cursus felis.\nSed in egestas erat.\n\nAliquam pulvinar interdum massa, vel ullamcorper ante consectetur eu. Vestibulum\nlacinia ac enim vel placerat. Integer pulvinar magna nec dui malesuada, nec\ncongue nisl dictum. Donec mollis nisl tortor, at congue erat consequat a. Nam\ntempus elit porta, blandit elit vel, viverra lorem. Sed sit amet tellus\ntincidunt, faucibus nisl in, aliquet libero.', '2024-04-10 16:41:27', 'en'),
(21, 2, 'Diatrias tolerare tanquam noster caesium', 'diatrias-tolerare-tanquam-noster-caesium', 'Mauris dapibus risus quis suscipit vulputate. Pellentesque et sapien pulvinar consectetur. Diatrias tolerare tanquam noster caesium. Ut eleifend mauris et risus ultrices egestas. Teres talis saepe tractare de camerarius flavum sensorem.', 'Lorem ipsum dolor sit amet consectetur adipisicing elit, sed do eiusmod tempor\nincididunt ut labore et **dolore magna aliqua**: Duis aute irure dolor in\nreprehenderit in voluptate velit esse cillum dolore eu fugiat nulla pariatur.\nExcepteur sint occaecat cupidatat non proident, sunt in culpa qui officia\ndeserunt mollit anim id est laborum.\n\n  * Ut enim ad minim veniam\n  * Quis nostrud exercitation *ullamco laboris*\n  * Nisi ut aliquip ex ea commodo consequat\n\nPraesent id fermentum lorem. Ut est lorem, fringilla at accumsan nec, euismod at\nnunc. Aenean mattis sollicitudin mattis. Nullam pulvinar vestibulum bibendum.\nClass aptent taciti sociosqu ad litora torquent per conubia nostra, per inceptos\nhimenaeos. Fusce nulla purus, gravida ac interdum ut, blandit eget ex. Duis a\nluctus dolor.\n\nInteger auctor massa maximus nulla scelerisque accumsan. *Aliquam ac malesuada*\nex. Pellentesque tortor magna, vulputate eu vulputate ut, venenatis ac lectus.\nPraesent ut lacinia sem. Mauris a lectus eget felis mollis feugiat. Quisque\nefficitur, mi ut semper pulvinar, urna urna blandit massa, eget tincidunt augue\nnulla vitae est.\n\nUt posuere aliquet tincidunt. Aliquam erat volutpat. **Class aptent taciti**\nsociosqu ad litora torquent per conubia nostra, per inceptos himenaeos. Morbi\narcu orci, gravida eget aliquam eu, suscipit et ante. Morbi vulputate metus vel\nipsum finibus, ut dapibus massa feugiat. Vestibulum vel lobortis libero. Sed\ntincidunt tellus et viverra scelerisque. Pellentesque tincidunt cursus felis.\nSed in egestas erat.\n\nAliquam pulvinar interdum massa, vel ullamcorper ante consectetur eu. Vestibulum\nlacinia ac enim vel placerat. Integer pulvinar magna nec dui malesuada, nec\ncongue nisl dictum. Donec mollis nisl tortor, at congue erat consequat a. Nam\ntempus elit porta, blandit elit vel, viverra lorem. Sed sit amet tellus\ntincidunt, faucibus nisl in, aliquet libero.', '2024-04-09 13:48:32', 'en'),
(22, 1, 'Teres talis saepe tractare de camerarius flavum sensorem', 'teres-talis-saepe-tractare-de-camerarius-flavum-sensorem', 'Potus sensim ad ferox abnoba. Lorem ipsum dolor sit amet consectetur adipiscing elit. Ubi est audax amicitia. Sunt seculaes transferre talis camerarius fluctuies. Mineralis persuadere omnes finises desiderium. Abnobas sunt hilotaes de placidus vita.', 'Lorem ipsum dolor sit amet consectetur adipisicing elit, sed do eiusmod tempor\nincididunt ut labore et **dolore magna aliqua**: Duis aute irure dolor in\nreprehenderit in voluptate velit esse cillum dolore eu fugiat nulla pariatur.\nExcepteur sint occaecat cupidatat non proident, sunt in culpa qui officia\ndeserunt mollit anim id est laborum.\n\n  * Ut enim ad minim veniam\n  * Quis nostrud exercitation *ullamco laboris*\n  * Nisi ut aliquip ex ea commodo consequat\n\nPraesent id fermentum lorem. Ut est lorem, fringilla at accumsan nec, euismod at\nnunc. Aenean mattis sollicitudin mattis. Nullam pulvinar vestibulum bibendum.\nClass aptent taciti sociosqu ad litora torquent per conubia nostra, per inceptos\nhimenaeos. Fusce nulla purus, gravida ac interdum ut, blandit eget ex. Duis a\nluctus dolor.\n\nInteger auctor massa maximus nulla scelerisque accumsan. *Aliquam ac malesuada*\nex. Pellentesque tortor magna, vulputate eu vulputate ut, venenatis ac lectus.\nPraesent ut lacinia sem. Mauris a lectus eget felis mollis feugiat. Quisque\nefficitur, mi ut semper pulvinar, urna urna blandit massa, eget tincidunt augue\nnulla vitae est.\n\nUt posuere aliquet tincidunt. Aliquam erat volutpat. **Class aptent taciti**\nsociosqu ad litora torquent per conubia nostra, per inceptos himenaeos. Morbi\narcu orci, gravida eget aliquam eu, suscipit et ante. Morbi vulputate metus vel\nipsum finibus, ut dapibus massa feugiat. Vestibulum vel lobortis libero. Sed\ntincidunt tellus et viverra scelerisque. Pellentesque tincidunt cursus felis.\nSed in egestas erat.\n\nAliquam pulvinar interdum massa, vel ullamcorper ante consectetur eu. Vestibulum\nlacinia ac enim vel placerat. Integer pulvinar magna nec dui malesuada, nec\ncongue nisl dictum. Donec mollis nisl tortor, at congue erat consequat a. Nam\ntempus elit porta, blandit elit vel, viverra lorem. Sed sit amet tellus\ntincidunt, faucibus nisl in, aliquet libero.', '2024-04-08 13:34:21', 'en'),
(23, 1, 'Silva de secundus galatae demitto quadra', 'silva-de-secundus-galatae-demitto-quadra', 'Mineralis persuadere omnes finises desiderium. Era brevis ratione est. Curabitur aliquam euismod dolor non ornare. Lorem ipsum dolor sit amet consectetur adipiscing elit. Potus sensim ad ferox abnoba. Pellentesque vitae velit ex. Vae humani generis.', 'Lorem ipsum dolor sit amet consectetur adipisicing elit, sed do eiusmod tempor\nincididunt ut labore et **dolore magna aliqua**: Duis aute irure dolor in\nreprehenderit in voluptate velit esse cillum dolore eu fugiat nulla pariatur.\nExcepteur sint occaecat cupidatat non proident, sunt in culpa qui officia\ndeserunt mollit anim id est laborum.\n\n  * Ut enim ad minim veniam\n  * Quis nostrud exercitation *ullamco laboris*\n  * Nisi ut aliquip ex ea commodo consequat\n\nPraesent id fermentum lorem. Ut est lorem, fringilla at accumsan nec, euismod at\nnunc. Aenean mattis sollicitudin mattis. Nullam pulvinar vestibulum bibendum.\nClass aptent taciti sociosqu ad litora torquent per conubia nostra, per inceptos\nhimenaeos. Fusce nulla purus, gravida ac interdum ut, blandit eget ex. Duis a\nluctus dolor.\n\nInteger auctor massa maximus nulla scelerisque accumsan. *Aliquam ac malesuada*\nex. Pellentesque tortor magna, vulputate eu vulputate ut, venenatis ac lectus.\nPraesent ut lacinia sem. Mauris a lectus eget felis mollis feugiat. Quisque\nefficitur, mi ut semper pulvinar, urna urna blandit massa, eget tincidunt augue\nnulla vitae est.\n\nUt posuere aliquet tincidunt. Aliquam erat volutpat. **Class aptent taciti**\nsociosqu ad litora torquent per conubia nostra, per inceptos himenaeos. Morbi\narcu orci, gravida eget aliquam eu, suscipit et ante. Morbi vulputate metus vel\nipsum finibus, ut dapibus massa feugiat. Vestibulum vel lobortis libero. Sed\ntincidunt tellus et viverra scelerisque. Pellentesque tincidunt cursus felis.\nSed in egestas erat.\n\nAliquam pulvinar interdum massa, vel ullamcorper ante consectetur eu. Vestibulum\nlacinia ac enim vel placerat. Integer pulvinar magna nec dui malesuada, nec\ncongue nisl dictum. Donec mollis nisl tortor, at congue erat consequat a. Nam\ntempus elit porta, blandit elit vel, viverra lorem. Sed sit amet tellus\ntincidunt, faucibus nisl in, aliquet libero.', '2024-04-07 13:15:17', 'en');
INSERT INTO `symfony_demo_post` (`id`, `author_id`, `title`, `slug`, `summary`, `content`, `published_at`, `language`) VALUES
(24, 1, 'Sunt accentores vitare salvus flavum parses', 'sunt-accentores-vitare-salvus-flavum-parses', 'Aliquam sodales odio id eleifend tristique. Silva de secundus galatae demitto quadra. Ubi est audax amicitia. Morbi tempus commodo mattis. Curabitur aliquam euismod dolor non ornare. Vae humani generis. Sunt seculaes transferre talis camerarius fluctuies.', 'Lorem ipsum dolor sit amet consectetur adipisicing elit, sed do eiusmod tempor\nincididunt ut labore et **dolore magna aliqua**: Duis aute irure dolor in\nreprehenderit in voluptate velit esse cillum dolore eu fugiat nulla pariatur.\nExcepteur sint occaecat cupidatat non proident, sunt in culpa qui officia\ndeserunt mollit anim id est laborum.\n\n  * Ut enim ad minim veniam\n  * Quis nostrud exercitation *ullamco laboris*\n  * Nisi ut aliquip ex ea commodo consequat\n\nPraesent id fermentum lorem. Ut est lorem, fringilla at accumsan nec, euismod at\nnunc. Aenean mattis sollicitudin mattis. Nullam pulvinar vestibulum bibendum.\nClass aptent taciti sociosqu ad litora torquent per conubia nostra, per inceptos\nhimenaeos. Fusce nulla purus, gravida ac interdum ut, blandit eget ex. Duis a\nluctus dolor.\n\nInteger auctor massa maximus nulla scelerisque accumsan. *Aliquam ac malesuada*\nex. Pellentesque tortor magna, vulputate eu vulputate ut, venenatis ac lectus.\nPraesent ut lacinia sem. Mauris a lectus eget felis mollis feugiat. Quisque\nefficitur, mi ut semper pulvinar, urna urna blandit massa, eget tincidunt augue\nnulla vitae est.\n\nUt posuere aliquet tincidunt. Aliquam erat volutpat. **Class aptent taciti**\nsociosqu ad litora torquent per conubia nostra, per inceptos himenaeos. Morbi\narcu orci, gravida eget aliquam eu, suscipit et ante. Morbi vulputate metus vel\nipsum finibus, ut dapibus massa feugiat. Vestibulum vel lobortis libero. Sed\ntincidunt tellus et viverra scelerisque. Pellentesque tincidunt cursus felis.\nSed in egestas erat.\n\nAliquam pulvinar interdum massa, vel ullamcorper ante consectetur eu. Vestibulum\nlacinia ac enim vel placerat. Integer pulvinar magna nec dui malesuada, nec\ncongue nisl dictum. Donec mollis nisl tortor, at congue erat consequat a. Nam\ntempus elit porta, blandit elit vel, viverra lorem. Sed sit amet tellus\ntincidunt, faucibus nisl in, aliquet libero.', '2024-04-06 11:29:35', 'en'),
(25, 1, 'Potus sensim ad ferox abnoba', 'potus-sensim-ad-ferox-abnoba', 'Diatrias tolerare tanquam noster caesium. Pellentesque et sapien pulvinar consectetur. Nulla porta lobortis ligula vel egestas. Ubi est barbatus nix. Morbi tempus commodo mattis. Ubi est audax amicitia. Mineralis persuadere omnes finises desiderium.', 'Lorem ipsum dolor sit amet consectetur adipisicing elit, sed do eiusmod tempor\nincididunt ut labore et **dolore magna aliqua**: Duis aute irure dolor in\nreprehenderit in voluptate velit esse cillum dolore eu fugiat nulla pariatur.\nExcepteur sint occaecat cupidatat non proident, sunt in culpa qui officia\ndeserunt mollit anim id est laborum.\n\n  * Ut enim ad minim veniam\n  * Quis nostrud exercitation *ullamco laboris*\n  * Nisi ut aliquip ex ea commodo consequat\n\nPraesent id fermentum lorem. Ut est lorem, fringilla at accumsan nec, euismod at\nnunc. Aenean mattis sollicitudin mattis. Nullam pulvinar vestibulum bibendum.\nClass aptent taciti sociosqu ad litora torquent per conubia nostra, per inceptos\nhimenaeos. Fusce nulla purus, gravida ac interdum ut, blandit eget ex. Duis a\nluctus dolor.\n\nInteger auctor massa maximus nulla scelerisque accumsan. *Aliquam ac malesuada*\nex. Pellentesque tortor magna, vulputate eu vulputate ut, venenatis ac lectus.\nPraesent ut lacinia sem. Mauris a lectus eget felis mollis feugiat. Quisque\nefficitur, mi ut semper pulvinar, urna urna blandit massa, eget tincidunt augue\nnulla vitae est.\n\nUt posuere aliquet tincidunt. Aliquam erat volutpat. **Class aptent taciti**\nsociosqu ad litora torquent per conubia nostra, per inceptos himenaeos. Morbi\narcu orci, gravida eget aliquam eu, suscipit et ante. Morbi vulputate metus vel\nipsum finibus, ut dapibus massa feugiat. Vestibulum vel lobortis libero. Sed\ntincidunt tellus et viverra scelerisque. Pellentesque tincidunt cursus felis.\nSed in egestas erat.\n\nAliquam pulvinar interdum massa, vel ullamcorper ante consectetur eu. Vestibulum\nlacinia ac enim vel placerat. Integer pulvinar magna nec dui malesuada, nec\ncongue nisl dictum. Donec mollis nisl tortor, at congue erat consequat a. Nam\ntempus elit porta, blandit elit vel, viverra lorem. Sed sit amet tellus\ntincidunt, faucibus nisl in, aliquet libero.', '2024-04-05 17:42:38', 'en'),
(26, 1, 'Sunt seculaes transferre talis camerarius fluctuies', 'sunt-seculaes-transferre-talis-camerarius-fluctuies', 'Diatrias tolerare tanquam noster caesium. Eposs sunt solems de superbus fortis. Silva de secundus galatae demitto quadra. Sunt seculaes transferre talis camerarius fluctuies. Abnobas sunt hilotaes de placidus vita. In hac habitasse platea dictumst.', 'Lorem ipsum dolor sit amet consectetur adipisicing elit, sed do eiusmod tempor\nincididunt ut labore et **dolore magna aliqua**: Duis aute irure dolor in\nreprehenderit in voluptate velit esse cillum dolore eu fugiat nulla pariatur.\nExcepteur sint occaecat cupidatat non proident, sunt in culpa qui officia\ndeserunt mollit anim id est laborum.\n\n  * Ut enim ad minim veniam\n  * Quis nostrud exercitation *ullamco laboris*\n  * Nisi ut aliquip ex ea commodo consequat\n\nPraesent id fermentum lorem. Ut est lorem, fringilla at accumsan nec, euismod at\nnunc. Aenean mattis sollicitudin mattis. Nullam pulvinar vestibulum bibendum.\nClass aptent taciti sociosqu ad litora torquent per conubia nostra, per inceptos\nhimenaeos. Fusce nulla purus, gravida ac interdum ut, blandit eget ex. Duis a\nluctus dolor.\n\nInteger auctor massa maximus nulla scelerisque accumsan. *Aliquam ac malesuada*\nex. Pellentesque tortor magna, vulputate eu vulputate ut, venenatis ac lectus.\nPraesent ut lacinia sem. Mauris a lectus eget felis mollis feugiat. Quisque\nefficitur, mi ut semper pulvinar, urna urna blandit massa, eget tincidunt augue\nnulla vitae est.\n\nUt posuere aliquet tincidunt. Aliquam erat volutpat. **Class aptent taciti**\nsociosqu ad litora torquent per conubia nostra, per inceptos himenaeos. Morbi\narcu orci, gravida eget aliquam eu, suscipit et ante. Morbi vulputate metus vel\nipsum finibus, ut dapibus massa feugiat. Vestibulum vel lobortis libero. Sed\ntincidunt tellus et viverra scelerisque. Pellentesque tincidunt cursus felis.\nSed in egestas erat.\n\nAliquam pulvinar interdum massa, vel ullamcorper ante consectetur eu. Vestibulum\nlacinia ac enim vel placerat. Integer pulvinar magna nec dui malesuada, nec\ncongue nisl dictum. Donec mollis nisl tortor, at congue erat consequat a. Nam\ntempus elit porta, blandit elit vel, viverra lorem. Sed sit amet tellus\ntincidunt, faucibus nisl in, aliquet libero.', '2024-04-04 11:30:14', 'en'),
(27, 2, 'Era brevis ratione est', 'era-brevis-ratione-est', 'Potus sensim ad ferox abnoba. Mineralis persuadere omnes finises desiderium. Ubi est audax amicitia. Sunt torquises imitari velox mirabilis medicinaes. Bassus fatalis classiss virtualiter transferre de flavum. Sed varius a risus eget aliquam.', 'Lorem ipsum dolor sit amet consectetur adipisicing elit, sed do eiusmod tempor\nincididunt ut labore et **dolore magna aliqua**: Duis aute irure dolor in\nreprehenderit in voluptate velit esse cillum dolore eu fugiat nulla pariatur.\nExcepteur sint occaecat cupidatat non proident, sunt in culpa qui officia\ndeserunt mollit anim id est laborum.\n\n  * Ut enim ad minim veniam\n  * Quis nostrud exercitation *ullamco laboris*\n  * Nisi ut aliquip ex ea commodo consequat\n\nPraesent id fermentum lorem. Ut est lorem, fringilla at accumsan nec, euismod at\nnunc. Aenean mattis sollicitudin mattis. Nullam pulvinar vestibulum bibendum.\nClass aptent taciti sociosqu ad litora torquent per conubia nostra, per inceptos\nhimenaeos. Fusce nulla purus, gravida ac interdum ut, blandit eget ex. Duis a\nluctus dolor.\n\nInteger auctor massa maximus nulla scelerisque accumsan. *Aliquam ac malesuada*\nex. Pellentesque tortor magna, vulputate eu vulputate ut, venenatis ac lectus.\nPraesent ut lacinia sem. Mauris a lectus eget felis mollis feugiat. Quisque\nefficitur, mi ut semper pulvinar, urna urna blandit massa, eget tincidunt augue\nnulla vitae est.\n\nUt posuere aliquet tincidunt. Aliquam erat volutpat. **Class aptent taciti**\nsociosqu ad litora torquent per conubia nostra, per inceptos himenaeos. Morbi\narcu orci, gravida eget aliquam eu, suscipit et ante. Morbi vulputate metus vel\nipsum finibus, ut dapibus massa feugiat. Vestibulum vel lobortis libero. Sed\ntincidunt tellus et viverra scelerisque. Pellentesque tincidunt cursus felis.\nSed in egestas erat.\n\nAliquam pulvinar interdum massa, vel ullamcorper ante consectetur eu. Vestibulum\nlacinia ac enim vel placerat. Integer pulvinar magna nec dui malesuada, nec\ncongue nisl dictum. Donec mollis nisl tortor, at congue erat consequat a. Nam\ntempus elit porta, blandit elit vel, viverra lorem. Sed sit amet tellus\ntincidunt, faucibus nisl in, aliquet libero.', '2024-04-03 09:11:41', 'en'),
(28, 1, 'Sunt torquises imitari velox mirabilis medicinaes', 'sunt-torquises-imitari-velox-mirabilis-medicinaes', 'Silva de secundus galatae demitto quadra. Abnobas sunt hilotaes de placidus vita. Bassus fatalis classiss virtualiter transferre de flavum. Lorem ipsum dolor sit amet consectetur adipiscing elit. Vae humani generis.', 'Lorem ipsum dolor sit amet consectetur adipisicing elit, sed do eiusmod tempor\nincididunt ut labore et **dolore magna aliqua**: Duis aute irure dolor in\nreprehenderit in voluptate velit esse cillum dolore eu fugiat nulla pariatur.\nExcepteur sint occaecat cupidatat non proident, sunt in culpa qui officia\ndeserunt mollit anim id est laborum.\n\n  * Ut enim ad minim veniam\n  * Quis nostrud exercitation *ullamco laboris*\n  * Nisi ut aliquip ex ea commodo consequat\n\nPraesent id fermentum lorem. Ut est lorem, fringilla at accumsan nec, euismod at\nnunc. Aenean mattis sollicitudin mattis. Nullam pulvinar vestibulum bibendum.\nClass aptent taciti sociosqu ad litora torquent per conubia nostra, per inceptos\nhimenaeos. Fusce nulla purus, gravida ac interdum ut, blandit eget ex. Duis a\nluctus dolor.\n\nInteger auctor massa maximus nulla scelerisque accumsan. *Aliquam ac malesuada*\nex. Pellentesque tortor magna, vulputate eu vulputate ut, venenatis ac lectus.\nPraesent ut lacinia sem. Mauris a lectus eget felis mollis feugiat. Quisque\nefficitur, mi ut semper pulvinar, urna urna blandit massa, eget tincidunt augue\nnulla vitae est.\n\nUt posuere aliquet tincidunt. Aliquam erat volutpat. **Class aptent taciti**\nsociosqu ad litora torquent per conubia nostra, per inceptos himenaeos. Morbi\narcu orci, gravida eget aliquam eu, suscipit et ante. Morbi vulputate metus vel\nipsum finibus, ut dapibus massa feugiat. Vestibulum vel lobortis libero. Sed\ntincidunt tellus et viverra scelerisque. Pellentesque tincidunt cursus felis.\nSed in egestas erat.\n\nAliquam pulvinar interdum massa, vel ullamcorper ante consectetur eu. Vestibulum\nlacinia ac enim vel placerat. Integer pulvinar magna nec dui malesuada, nec\ncongue nisl dictum. Donec mollis nisl tortor, at congue erat consequat a. Nam\ntempus elit porta, blandit elit vel, viverra lorem. Sed sit amet tellus\ntincidunt, faucibus nisl in, aliquet libero.', '2024-04-02 10:24:24', 'en'),
(29, 2, 'Mineralis persuadere omnes finises desiderium', 'mineralis-persuadere-omnes-finises-desiderium', 'Mauris dapibus risus quis suscipit vulputate. Sunt accentores vitare salvus flavum parses. Ubi est audax amicitia. Diatrias tolerare tanquam noster caesium. Morbi tempus commodo mattis. Era brevis ratione est. Nunc viverra elit ac laoreet suscipit.', 'Lorem ipsum dolor sit amet consectetur adipisicing elit, sed do eiusmod tempor\nincididunt ut labore et **dolore magna aliqua**: Duis aute irure dolor in\nreprehenderit in voluptate velit esse cillum dolore eu fugiat nulla pariatur.\nExcepteur sint occaecat cupidatat non proident, sunt in culpa qui officia\ndeserunt mollit anim id est laborum.\n\n  * Ut enim ad minim veniam\n  * Quis nostrud exercitation *ullamco laboris*\n  * Nisi ut aliquip ex ea commodo consequat\n\nPraesent id fermentum lorem. Ut est lorem, fringilla at accumsan nec, euismod at\nnunc. Aenean mattis sollicitudin mattis. Nullam pulvinar vestibulum bibendum.\nClass aptent taciti sociosqu ad litora torquent per conubia nostra, per inceptos\nhimenaeos. Fusce nulla purus, gravida ac interdum ut, blandit eget ex. Duis a\nluctus dolor.\n\nInteger auctor massa maximus nulla scelerisque accumsan. *Aliquam ac malesuada*\nex. Pellentesque tortor magna, vulputate eu vulputate ut, venenatis ac lectus.\nPraesent ut lacinia sem. Mauris a lectus eget felis mollis feugiat. Quisque\nefficitur, mi ut semper pulvinar, urna urna blandit massa, eget tincidunt augue\nnulla vitae est.\n\nUt posuere aliquet tincidunt. Aliquam erat volutpat. **Class aptent taciti**\nsociosqu ad litora torquent per conubia nostra, per inceptos himenaeos. Morbi\narcu orci, gravida eget aliquam eu, suscipit et ante. Morbi vulputate metus vel\nipsum finibus, ut dapibus massa feugiat. Vestibulum vel lobortis libero. Sed\ntincidunt tellus et viverra scelerisque. Pellentesque tincidunt cursus felis.\nSed in egestas erat.\n\nAliquam pulvinar interdum massa, vel ullamcorper ante consectetur eu. Vestibulum\nlacinia ac enim vel placerat. Integer pulvinar magna nec dui malesuada, nec\ncongue nisl dictum. Donec mollis nisl tortor, at congue erat consequat a. Nam\ntempus elit porta, blandit elit vel, viverra lorem. Sed sit amet tellus\ntincidunt, faucibus nisl in, aliquet libero.', '2024-04-01 15:12:47', 'en'),
(30, 1, 'Bassus fatalis classiss virtualiter transferre de flavum', 'bassus-fatalis-classiss-virtualiter-transferre-de-flavum', 'Ut eleifend mauris et risus ultrices egestas. Nulla porta lobortis ligula vel egestas. In hac habitasse platea dictumst. Eros diam egestas libero eu vulputate risus. Diatrias tolerare tanquam noster caesium.', 'Lorem ipsum dolor sit amet consectetur adipisicing elit, sed do eiusmod tempor\nincididunt ut labore et **dolore magna aliqua**: Duis aute irure dolor in\nreprehenderit in voluptate velit esse cillum dolore eu fugiat nulla pariatur.\nExcepteur sint occaecat cupidatat non proident, sunt in culpa qui officia\ndeserunt mollit anim id est laborum.\n\n  * Ut enim ad minim veniam\n  * Quis nostrud exercitation *ullamco laboris*\n  * Nisi ut aliquip ex ea commodo consequat\n\nPraesent id fermentum lorem. Ut est lorem, fringilla at accumsan nec, euismod at\nnunc. Aenean mattis sollicitudin mattis. Nullam pulvinar vestibulum bibendum.\nClass aptent taciti sociosqu ad litora torquent per conubia nostra, per inceptos\nhimenaeos. Fusce nulla purus, gravida ac interdum ut, blandit eget ex. Duis a\nluctus dolor.\n\nInteger auctor massa maximus nulla scelerisque accumsan. *Aliquam ac malesuada*\nex. Pellentesque tortor magna, vulputate eu vulputate ut, venenatis ac lectus.\nPraesent ut lacinia sem. Mauris a lectus eget felis mollis feugiat. Quisque\nefficitur, mi ut semper pulvinar, urna urna blandit massa, eget tincidunt augue\nnulla vitae est.\n\nUt posuere aliquet tincidunt. Aliquam erat volutpat. **Class aptent taciti**\nsociosqu ad litora torquent per conubia nostra, per inceptos himenaeos. Morbi\narcu orci, gravida eget aliquam eu, suscipit et ante. Morbi vulputate metus vel\nipsum finibus, ut dapibus massa feugiat. Vestibulum vel lobortis libero. Sed\ntincidunt tellus et viverra scelerisque. Pellentesque tincidunt cursus felis.\nSed in egestas erat.\n\nAliquam pulvinar interdum massa, vel ullamcorper ante consectetur eu. Vestibulum\nlacinia ac enim vel placerat. Integer pulvinar magna nec dui malesuada, nec\ncongue nisl dictum. Donec mollis nisl tortor, at congue erat consequat a. Nam\ntempus elit porta, blandit elit vel, viverra lorem. Sed sit amet tellus\ntincidunt, faucibus nisl in, aliquet libero.', '2024-03-31 08:08:10', 'en');

-- --------------------------------------------------------

--
-- Structure de la table `symfony_demo_post_tag`
--

CREATE TABLE `symfony_demo_post_tag` (
  `post_id` int(11) NOT NULL,
  `tag_id` int(11) NOT NULL
) ENGINE=InnoDB DEFAULT CHARSET=utf8mb4 COLLATE=utf8mb4_unicode_ci;

--
-- Déchargement des données de la table `symfony_demo_post_tag`
--

INSERT INTO `symfony_demo_post_tag` (`post_id`, `tag_id`) VALUES
(3, 3),
(3, 5),
(3, 7),
(3, 9),
(4, 2),
(4, 4),
(4, 7),
(5, 4),
(5, 8),
(6, 1),
(6, 2),
(6, 3),
(7, 2),
(7, 3),
(7, 4),
(7, 7),
(8, 1),
(8, 5),
(8, 6),
(8, 7),
(9, 3),
(9, 5),
(9, 8),
(10, 1),
(10, 8),
(11, 7),
(11, 9),
(12, 2),
(12, 3),
(12, 7),
(12, 9),
(13, 3),
(13, 6),
(13, 8),
(14, 4),
(14, 7),
(14, 9),
(15, 6),
(15, 9),
(16, 4),
(16, 5),
(17, 7),
(17, 8),
(18, 4),
(18, 7),
(18, 9),
(19, 1),
(19, 9),
(20, 4),
(20, 6),
(21, 6),
(21, 7),
(22, 2),
(22, 4),
(22, 8),
(23, 1),
(23, 2),
(23, 6),
(24, 2),
(24, 7),
(25, 2),
(25, 5),
(25, 6),
(25, 8),
(26, 2),
(26, 3),
(26, 8),
(26, 9),
(27, 1),
(27, 2),
(27, 8),
(27, 9),
(28, 3),
(28, 8),
(28, 9),
(29, 3),
(29, 8),
(30, 2),
(30, 4),
(30, 5),
(30, 6);

-- --------------------------------------------------------

--
-- Structure de la table `symfony_demo_tag`
--

CREATE TABLE `symfony_demo_tag` (
  `id` int(11) NOT NULL,
  `name` varchar(255) NOT NULL
) ENGINE=InnoDB DEFAULT CHARSET=utf8mb4 COLLATE=utf8mb4_unicode_ci;

--
-- Déchargement des données de la table `symfony_demo_tag`
--

INSERT INTO `symfony_demo_tag` (`id`, `name`) VALUES
(4, 'adipiscing'),
(3, 'consectetur'),
(8, 'dolore'),
(5, 'incididunt'),
(2, 'ipsum'),
(6, 'labore'),
(1, 'lorem'),
(9, 'pariatur'),
(7, 'voluptate');

-- --------------------------------------------------------

--
-- Structure de la table `symfony_demo_user`
--

CREATE TABLE `symfony_demo_user` (
  `id` int(11) NOT NULL,
  `full_name` varchar(255) NOT NULL,
  `username` varchar(255) NOT NULL,
  `email` varchar(255) NOT NULL,
  `password` varchar(255) NOT NULL,
  `roles` longtext CHARACTER SET utf8mb4 COLLATE utf8mb4_bin NOT NULL COMMENT '(DC2Type:json)' CHECK (json_valid(`roles`))
) ENGINE=InnoDB DEFAULT CHARSET=utf8mb4 COLLATE=utf8mb4_unicode_ci;

--
-- Déchargement des données de la table `symfony_demo_user`
--

INSERT INTO `symfony_demo_user` (`id`, `full_name`, `username`, `email`, `password`, `roles`) VALUES
(1, 'Jane Doe', 'jane_admin', 'jane_admin@symfony.com', '$2y$13$2TnII8aC4sIj39P7M90xEuzmnchkcsxdkhMBgRFZEBUMAcIB8Ks6e', '[\"ROLE_ADMIN\"]'),
(2, 'Tom Doe', 'tom_admin', 'tom_admin@symfony.com', '$2y$13$TiGOnfdB4Caz0l9sEDIwHebs8xqH9byabeGOtyqGkoZ7/ItroHnrW', '[\"ROLE_ADMIN\"]'),
(3, 'John Doe', 'john_user', 'john_user@symfony.com', '$2y$13$R1p2Z7d5hw.EGJ6DA1cpJeaGclwOy9hG3ElrLpZV/b69egjKdUGCa', '[\"ROLE_USER\"]');

--
-- Index pour les tables déchargées
--

--
-- Index pour la table `doctrine_migration_versions`
--
ALTER TABLE `doctrine_migration_versions`
  ADD PRIMARY KEY (`version`);

--
-- Index pour la table `messenger_messages`
--
ALTER TABLE `messenger_messages`
  ADD PRIMARY KEY (`id`),
  ADD KEY `IDX_75EA56E0FB7336F0` (`queue_name`),
  ADD KEY `IDX_75EA56E0E3BD61CE` (`available_at`),
  ADD KEY `IDX_75EA56E016BA31DB` (`delivered_at`);

--
-- Index pour la table `post_translation`
--
ALTER TABLE `post_translation`
  ADD PRIMARY KEY (`id`),
  ADD KEY `IDX_5829CF40D5E258C5` (`posts_id`);

--
-- Index pour la table `shop`
--
ALTER TABLE `shop`
  ADD PRIMARY KEY (`shop_id`);

--
-- Index pour la table `symfony_demo_comment`
--
ALTER TABLE `symfony_demo_comment`
  ADD PRIMARY KEY (`id`),
  ADD KEY `IDX_53AD8F834B89032C` (`post_id`),
  ADD KEY `IDX_53AD8F83F675F31B` (`author_id`);

--
-- Index pour la table `symfony_demo_post`
--
ALTER TABLE `symfony_demo_post`
  ADD PRIMARY KEY (`id`),
  ADD KEY `IDX_58A92E65F675F31B` (`author_id`);

--
-- Index pour la table `symfony_demo_post_tag`
--
ALTER TABLE `symfony_demo_post_tag`
  ADD PRIMARY KEY (`post_id`,`tag_id`),
  ADD KEY `IDX_6ABC1CC44B89032C` (`post_id`),
  ADD KEY `IDX_6ABC1CC4BAD26311` (`tag_id`);

--
-- Index pour la table `symfony_demo_tag`
--
ALTER TABLE `symfony_demo_tag`
  ADD PRIMARY KEY (`id`),
  ADD UNIQUE KEY `UNIQ_4D5855405E237E06` (`name`);

--
-- Index pour la table `symfony_demo_user`
--
ALTER TABLE `symfony_demo_user`
  ADD PRIMARY KEY (`id`),
  ADD UNIQUE KEY `UNIQ_8FB094A1F85E0677` (`username`),
  ADD UNIQUE KEY `UNIQ_8FB094A1E7927C74` (`email`);

--
-- AUTO_INCREMENT pour les tables déchargées
--

--
-- AUTO_INCREMENT pour la table `messenger_messages`
--
ALTER TABLE `messenger_messages`
  MODIFY `id` bigint(20) NOT NULL AUTO_INCREMENT;

--
-- AUTO_INCREMENT pour la table `post_translation`
--
ALTER TABLE `post_translation`
  MODIFY `id` int(11) NOT NULL AUTO_INCREMENT, AUTO_INCREMENT=9;

--
-- AUTO_INCREMENT pour la table `symfony_demo_comment`
--
ALTER TABLE `symfony_demo_comment`
  MODIFY `id` int(11) NOT NULL AUTO_INCREMENT, AUTO_INCREMENT=151;

--
-- AUTO_INCREMENT pour la table `symfony_demo_post`
--
ALTER TABLE `symfony_demo_post`
  MODIFY `id` int(11) NOT NULL AUTO_INCREMENT, AUTO_INCREMENT=31;

--
-- AUTO_INCREMENT pour la table `symfony_demo_tag`
--
ALTER TABLE `symfony_demo_tag`
  MODIFY `id` int(11) NOT NULL AUTO_INCREMENT, AUTO_INCREMENT=10;

--
-- AUTO_INCREMENT pour la table `symfony_demo_user`
--
ALTER TABLE `symfony_demo_user`
  MODIFY `id` int(11) NOT NULL AUTO_INCREMENT, AUTO_INCREMENT=4;

--
-- Contraintes pour les tables déchargées
--

--
-- Contraintes pour la table `post_translation`
--
ALTER TABLE `post_translation`
  ADD CONSTRAINT `FK_5829CF40D5E258C5` FOREIGN KEY (`posts_id`) REFERENCES `symfony_demo_post` (`id`);

--
-- Contraintes pour la table `symfony_demo_comment`
--
ALTER TABLE `symfony_demo_comment`
  ADD CONSTRAINT `FK_53AD8F834B89032C` FOREIGN KEY (`post_id`) REFERENCES `symfony_demo_post` (`id`),
  ADD CONSTRAINT `FK_53AD8F83F675F31B` FOREIGN KEY (`author_id`) REFERENCES `symfony_demo_user` (`id`);

--
-- Contraintes pour la table `symfony_demo_post`
--
ALTER TABLE `symfony_demo_post`
  ADD CONSTRAINT `FK_58A92E65F675F31B` FOREIGN KEY (`author_id`) REFERENCES `symfony_demo_user` (`id`);

--
-- Contraintes pour la table `symfony_demo_post_tag`
--
ALTER TABLE `symfony_demo_post_tag`
  ADD CONSTRAINT `FK_6ABC1CC44B89032C` FOREIGN KEY (`post_id`) REFERENCES `symfony_demo_post` (`id`) ON DELETE CASCADE,
  ADD CONSTRAINT `FK_6ABC1CC4BAD26311` FOREIGN KEY (`tag_id`) REFERENCES `symfony_demo_tag` (`id`) ON DELETE CASCADE;
COMMIT;

/*!40101 SET CHARACTER_SET_CLIENT=@OLD_CHARACTER_SET_CLIENT */;
/*!40101 SET CHARACTER_SET_RESULTS=@OLD_CHARACTER_SET_RESULTS */;
/*!40101 SET COLLATION_CONNECTION=@OLD_COLLATION_CONNECTION */;
